stock_name,stock_code,decision,current_price,avg_price,pnl_pct,price_source,checked_at,ai_sentiment,ai_confidence,ai_issue_summary,ai_positive_points,ai_risk_points,ai_price_context,ai_action_guide,ai_three_line_summary,ai_caution,gemini_model_used,ai_status,news_title_1,news_link_1,news_desc_1,news_title_2,news_link_2,news_desc_2,news_title_3,news_link_3,news_desc_3,news_title_4,news_link_4,news_desc_4,news_title_5,news_link_5,news_desc_5
금호타이어,073240,STOP_WATCH,4400.0,4865.0,-9.56,naver_finance,2026-06-08 19:35:57 KST,긍정,보통,"금호타이어는 최근 세계적인 산악인 엄홍길 대장과 협력하여 SUV 전용 타이어 브랜드 '크루젠(CRUGEN)'의 신규 브랜드 필름을 공개했습니다. 이 필름은 크루젠 브랜드의 기술력과 국내 SUV 타이어 시장에서의 입지를 강화하는 데 초점을 맞추고 있습니다. 또한, 금호타이어는 신제품 '마제스티 솔루스 EDGE'와 '크루젠 GT Pro' 출시 기념 프로모션을 연장하며 고객 확보에 적극적인 모습을 보이고 있습니다. 이러한 활동들은 브랜드 인지도 제고 및 판매 증진을 위한 전략으로 해석됩니다.","금호타이어는 유명 산악인 엄홍길 대장을 활용하여 SUV 타이어 브랜드 '크루젠'의 인지도를 높이고 있습니다. 이는 브랜드 이미지 강화와 잠재 고객층에게 긍정적인 영향을 줄 수 있습니다. 또한, 신제품 출시 기념 프로모션 연장은 고객들의 높은 관심에 부응하며 실질적인 판매 증진으로 이어질 가능성이 있습니다. 이러한 마케팅 활동은 브랜드 가치 상승에 기여할 것으로 기대됩니다.","타이어 산업은 경기 변동에 민감하며, 경쟁 심화로 인한 가격 압박이 존재할 수 있습니다. 또한, 원자재 가격 변동성 및 환율 변동은 수익성에 영향을 미칠 수 있는 요인입니다. 금호타이어의 경우, 글로벌 시장에서의 경쟁력 확보와 더불어 지속적인 기술 개발 및 품질 관리가 중요합니다. 신규 브랜드 필름 공개 등 마케팅 활동이 실제 판매량 증대로 이어지지 않을 경우, 투자 대비 효과가 미미할 수 있습니다.","현재가 4400원 대비 평균단가 4865원으로 약 9.56%의 손실 구간에 있습니다. 이는 최근 주가 흐름이 평균 매수 단가보다 낮은 수준임을 나타냅니다. 금호타이어의 최근 긍정적인 뉴스에도 불구하고, 주가는 아직 평균 매수 단가를 회복하지 못한 상태입니다. 향후 주가 반등 여부는 시장 상황 및 회사의 실적 개선에 달려 있을 것으로 보입니다.","보유하신 금호타이어는 현재 평균단가 대비 손실 구간에 있습니다. 최근 공개된 '크루젠' 브랜드 필름 및 신제품 프로모션 연장 소식은 긍정적인 신호로 해석될 수 있습니다. 다만, 타이어 산업의 특성상 경기 변동 및 경쟁 심화 가능성을 염두에 두어야 합니다. 현재 가격대에서 추가적인 하락 가능성을 주시하며, 회사의 실적 발표 및 시장 동향을 면밀히 관찰하는 것이 중요합니다. 손절가 설정 등 리스크 관리 전략을 재점검하는 것을 고려해볼 수 있습니다.","1. 금호타이어, 엄홍길 대장과 협력하여 SUV 타이어 '크루젠' 브랜드 필름 공개 및 프로모션 연장으로 브랜드 강화 및 판매 증진 노력.
2. 타이어 산업 특성상 경기 변동, 경쟁 심화, 원자재 가격 변동 등의 리스크 요인 존재.
3. 현재 보유자는 평균단가 대비 손실 구간이며, 향후 주가 흐름은 시장 상황 및 실적 개선 여부에 따라 결정될 전망.","본 정보는 투자 판단을 위한 참고 자료이며, 실제 투자 결정은 투자자 본인의 판단과 책임 하에 이루어져야 합니다. 제공된 정보는 시장 상황 변화 및 기업의 개별적인 이슈에 따라 달라질 수 있습니다.",gemini-2.5-flash-lite,gemini_ok,"금호타이어, 엄홍길과 손잡고 ‘크루젠’ 브랜드 필름 공개",https://www.viva100.com/article/20260608501253,금호타이어가 세계적인 산악인 엄홍길 대장과 함께 SUV 전용 타이어 브랜드 ‘크루젠(CRUGEN)’의 신규 브랜드 필름을 선보였다. 이번 영상은 국내 SUV 타이어 시장에서 입지를 다져온 크루젠의 브랜드 가치와 기술...,"금호타이어, 산악인 엄홍길과 함께한 '크루젠' 브랜드 필름 공개",https://www.fetv.co.kr/news/articleView.html?idxno=303880,금호타이어가 산악인 엄홍길 대장을 모델로 한 SUV 전용 타이어 브랜드 '크루젠(CRUGEN)'의 새로운 브랜드 필름을 공개했다. 이번 브랜드 필름은 국내 SUV 타이어 시장에서 꾸준히 중심을 지켜온 '크루젠'의 브랜드...,"타이어 3사, 신제품·글로벌 시장 확장 '총력'",https://www.namdonews.com/news/articleView.html?idxno=912953,8일 업계에 따르면 금호타이어는 오는 13일까지 신제품 '마제스티 솔루스(Majesty SOLUS) EDGE'와 '크루젠(CRUGEN) GT Pro' 출시를 기념해 진행 중인 고객 프로모션을 연장 운영한다. 고객들의 높은 관심으로 결정된 이번...,금호타이어와 엄홍길 대장 손잡고 주력 크루젠 브랜드 알려,https://www.koreareport.co.kr/news/articleView.html?idxno=50811,"금호타이어(대표 정일택)가 세계적인 산악인 엄홍길 대장과 손 잡았다. 스포츠유틸리차량(SUV) 전용 타이어 브랜드인 크루젠을 알리기 위한 영상을 제작했다. 금호타이어는 8일 브랜드와 제품 홍보를 넘어, 다양한...","금호타이어, 엄홍길 대장과 SUV 브랜드 '크루젠' 신규 필름 공개",http://www.updownnews.co.kr/news/articleView.html?idxno=317483,업다운뉴스=남승화 기자 / 금호타이어가 타이어를 험로와 일상 주행의 신뢰를 좌우하는 기술 제품으로 제시하며 엄홍길 대장을 통해 SUV 브랜드 크루젠의 성능 철학을 압축했다. 극한 환경의 상징을 앞세워 프리미엄 SUV...
대창솔루션,096350,STOP_WATCH,1898.0,2800.0,-32.21,naver_finance,2026-06-08 19:36:16 KST,주의,보통,"대창솔루션은 최근 원전 관련주로 분류되며 주가 변동성을 보이고 있습니다. 지난 며칠간 원전주 전반의 약세 흐름 속에서 대창솔루션 역시 하락세를 나타냈습니다. 특히 두산에너빌리티, 우리기술 등 주요 원전 관련 종목들의 하락과 함께 대창솔루션도 영향을 받은 것으로 보입니다. 다만, 일부 뉴스에서는 원전주 내에서 희비가 엇갈리는 상황도 언급되었으며, 대창솔루션이 상승 마감한 사례도 있어 변동성이 큰 국면임을 알 수 있습니다. 또한, LNG 인프라 확대 관련 수혜 가능성도 거론되고 있어, 복합적인 요인이 주가에 영향을 미치고 있습니다.","대창솔루션은 LNG 인프라 확대와 관련된 수혜 가능성이 언급되고 있습니다. 이는 새로운 성장 동력으로 작용할 수 있는 잠재력을 시사합니다. 또한, 원전 관련주로서 정부 정책이나 글로벌 에너지 시장 변화에 따라 긍정적인 영향을 받을 수 있습니다. 최근 일부 뉴스에서는 원전주 내에서 상승 마감한 사례도 있어, 시장 상황에 따라 단기적인 반등 가능성도 존재합니다.","최근 원전주 전반의 약세 흐름이 대창솔루션의 주가에 부정적인 영향을 미치고 있습니다. 국내 증시 전반의 투자 심리 악화와 같은 거시 경제적 요인도 주가 하락의 원인이 될 수 있습니다. 또한, 원전 관련 정책 변화나 국제 에너지 시장의 변동성은 대창솔루션의 주가에 예측 불가능한 영향을 줄 수 있습니다. 현재 보유 중인 평균단가 대비 높은 손실률은 추가적인 하락 시 심리적 부담으로 작용할 수 있습니다.","현재가 1898.0원 대비 평균단가 2800.0원은 약 32.21%의 손실률을 나타내고 있습니다. 이는 현재 보유하신 종목의 가치가 평균 매수 단가보다 상당히 하락한 상태임을 의미합니다. 최근 뉴스에서 언급된 원전주 전반의 약세와 대창솔루션의 하락세를 고려할 때, 현재 주가는 평균단가 대비 상당한 부담을 안고 있는 상황으로 판단됩니다.","현재 보유 중인 종목의 평균단가 대비 상당한 손실률을 기록하고 있어 신중한 접근이 필요합니다. 최근 원전주 전반의 약세와 더불어 LNG 관련 이슈 등 복합적인 요인이 주가에 영향을 미치고 있으므로, 단기적인 변동성에 유의해야 합니다. 보유하신 평균단가를 고려하여 추가적인 하락 가능성을 염두에 두고 대응 전략을 고민해 볼 수 있습니다. 향후 원전 및 LNG 관련 뉴스 흐름을 면밀히 모니터링하며 투자 판단에 참고하시기 바랍니다.","1. 대창솔루션은 최근 원전주 약세와 LNG 인프라 확대 기대감 속에서 변동성을 보이고 있습니다.
2. 현재 평균단가 대비 상당한 손실률을 기록 중이며, 추가 하락 가능성에 유의해야 합니다.
3. 원전 및 LNG 관련 뉴스 흐름을 주시하며 신중한 대응 전략이 필요합니다.","본 정보는 투자 판단을 위한 보조 자료이며, 투자 결정은 투자자 본인의 판단과 책임 하에 이루어져야 합니다. 과거의 주가 성과가 미래의 수익을 보장하지 않습니다.",gemini-2.5-flash-lite,gemini_ok,"[속보] 두산에너빌리티·한전기술 6~7%대 하락…국내 원전주, 8일 장 초...",https://www.cbci.co.kr/news/articleView.html?idxno=580240,"원전 계측기기 및 설비 관련 종목인 우리기술(-5.84%), 우진엔텍(-5.54%), 오르비텍(-6.54%), 수산인더스트리(-4.87%), 대창솔루션(-4.69%), 모비스(-4.54%) 등도 일제히 약세 흐름을 보였다. 한편 한국거래소는 이날 오전 9시...",두산에너빌리티 우리기술 등 털썩 원전주 전반적 약세…美 증시도 '먹구...,https://www.cbci.co.kr/news/articleView.html?idxno=579990,"특히 대창솔루션은 4.66% 하락한 1940원, 우리기술은 9.49% 급락한 1만4200원을 기록하며 낙폭이 두드러졌다. 이날 원전주 약세는 국내 증시 전반의 투자심리 악화와 무관하지 않은 것으로 풀이된다. 코스피는 외국인...",두산에너빌리티·비에이치아이·우리기술 흔들렸지만…원전주 조정 속에...,https://www.cbci.co.kr/news/articleView.html?idxno=579720,"이밖에 한전기술은 12만5200원으로 3.77%, 일진파워는 3.37%, 우진엔텍은 3.36%, 대창솔루션은 3.49% 각각 하락했다. 원전 유지보수 및 전력설비 관련 종목들도 대부분 약세를 보이는 모습이다. 전력 인프라 대표주인...","원전주 희비 엇갈렸다…우리기술·우진엔텍 강세, 두산에너빌리티는 10...",https://www.cbci.co.kr/news/articleView.html?idxno=579640,"대창솔루션도 2.3% 상승한 2035원에 거래를 마쳤으며, 한국전력은 1.1% 오른 3만8200원, 우진은 0.5% 상승한 1만9050원을 기록했다. 한전기술 역시 12만7700원으로 보합권에 가까운 0.07% 상승 마감했다. 반면 최근 원전...",LNG 투자 확대 기대감…한텍·엔케이 한국카본 일승 비에이치아이 주가...,https://www.pinpointnews.co.kr/news/articleView.html?idxno=457569,"한국가스공사와 대창솔루션도 LNG 인프라 확대 수혜 가능성이 거론된다. POSCO홀딩스와 SK가스는 LNG 관련 사업 포트폴리오 가치가 재조명되고 있으며, 동성화인텍은 LNG 보냉재 분야 대표 기업으로 안정적인 관심을 받고..."
대한해운,005880,STOP_WATCH,1890.0,2519.0,-24.97,naver_finance,2026-06-08 19:36:34 KST,주의,보통,"대한해운은 최근 중동 지역의 지정학적 리스크 고조로 인한 해운 보험료 상승 및 통항 관련 추가 비용 발생 가능성에 주목받고 있습니다. 이는 장기 계약 구조를 가진 해운사의 수익 변동성에 영향을 미칠 수 있는 요인으로 분석됩니다. 또한, 최근 해운주 전반의 하락세 속에서 대한해운 역시 장중 급락세를 보인 바 있습니다. 다만, 매출 500대 기업에 새로 이름을 올리는 등 일부 긍정적인 소식도 있으나, 그룹 내 자금 조달 이슈와 연관된 주식 담보 제공 사실이 부각되기도 했습니다.","대한해운이 매출 500대 기업에 새로 포함되었다는 점은 기업의 외형적 성장을 보여주는 긍정적인 신호로 해석될 수 있습니다. 벌크, 탱커, LNG 운송 비중이 있는 선사로서 장기 계약 구조를 가지고 있다는 점은 수익의 안정성을 확보하는 데 기여할 수 있습니다. 중동 리스크와 같은 외부 변수에 대한 민감도가 상대적으로 낮을 수 있는 장기 계약 비중은 긍정적인 요소로 작용할 가능성이 있습니다.","중동 지역의 지정학적 리스크 고조는 해운 보험료 상승 및 통항 관련 추가 비용 발생으로 이어져 대한해운의 수익성에 부정적인 영향을 미칠 수 있습니다. 최근 해운주 전반의 약세 흐름 속에서 대한해운 역시 장중 급락세를 보인 점은 시장 전반의 투자 심리 위축을 반영합니다. 또한, 그룹 내 자금 조달 과정에서 대한해운 주식이 담보로 제공되었다는 사실은 잠재적인 오버행(overhang) 이슈로 작용할 수 있습니다.","현재가 1890.0원 대비 평균단가 2519.0원은 약 24.97%의 손실 구간에 있음을 나타냅니다. 이는 현재 보유 중인 주식의 가치가 평균 매수 단가보다 낮게 형성되어 있음을 의미하며, 손실을 만회하기 위해서는 주가 상승이 필요한 상황입니다. 최근 해운주 전반의 하락세와 맞물려 대한해운 역시 약세를 보인 점은 현재의 가격 흐름이 긍정적이지 않음을 시사합니다.","현재 보유 중인 대한해운 주식은 평균단가 대비 상당한 손실 구간에 있습니다. 최근 중동 리스크와 해운주 전반의 약세 흐름은 단기적인 주가 하락 압력으로 작용할 수 있으므로 주의가 필요합니다. 다만, 장기 계약 구조와 같은 회사의 펀더멘털적인 부분과 매출 500대 기업 편입 등 긍정적인 요소를 함께 고려해야 합니다. 보유자 관점에서는 추가적인 하락 가능성을 염두에 두고 손절가 설정 여부를 신중하게 검토하거나, 반등 시 비중 조절을 고려하는 방안을 고려해볼 수 있습니다. 현재로서는 섣부른 추가 매수보다는 상황을 좀 더 지켜보는 것이 합리적일 수 있습니다.","1. 중동 리스크 고조 및 해운주 전반의 약세로 대한해운 주가에 하방 압력이 작용하고 있습니다.
2. 장기 계약 구조와 매출 500대 기업 편입 등은 긍정적 요인이지만, 자금 조달 관련 이슈는 잠재적 리스크입니다.
3. 현재 손실 구간에 있는 만큼, 추가 하락 가능성을 염두에 두고 신중한 대응 전략이 요구됩니다.","본 정보는 투자 판단을 위한 보조 자료이며, 실제 투자 결정은 투자자 본인의 판단과 책임 하에 이루어져야 합니다. 뉴스 요약 및 분석은 제공된 정보를 기반으로 하며, 모든 잠재적 위험을 포함하지 않을 수 있습니다.",gemini-2.5-flash-lite,gemini_ok,"호르무즈 리스크, 유가보다 먼저 보험료가 움직였다…해운 손익 새 변수",https://www.m-i.kr/news/articleView.html?idxno=1379454,"팬오션과 대한해운 등 벌크·탱커·LNG 운송 비중이 있는 선사들은 장기계약 구조가 핵심 변수로 꼽힌다. 장기운송계약은 수익 변동성을 낮추는 역할을 하지만, 전쟁위험 보험료와 통항 관련 추가 비용이 어떤 방식으로...",HMM · 팬오션 등 해운주 '장중 급락'...해상운임은?,http://www.choicenews.co.kr/news/articleView.html?idxno=166259,"같은 시각 팬오션(-5.86%), 대한해운(-5.22%), KSS해운(-4.35%), 흥아해운(-3.33%) 등도 급락세로 움직이는 중이다. 정연승 NH투자증권 애널리스트는 ""5일 기준 SCFI(상하이컨테이너운임지수)는 2727포인트로 전주 대비 6.0...",[그래픽 뉴스] 매출 500대 기업 외,https://www.yonhapmidas.com/news/articleView.html?idxno=10367,"그밖에 한화호텔앤드리조트, 소노인터내셔널, 두산, 에이피알, 포르쉐코리아, HD한국조선해양, 무신사, 하림, 한국토요타자동차 등 35곳이 500대 기업에 새로 이름을 올렸고, 호반건설, 대한해운, 신세계푸드...",우방의 이상한 자금조달…유일한 통로 계열사 주식 담보,http://www.wikileaks-kr.org/news/articleView.html?idxno=188163,"에스엠상선이 교보증권 등에 1094억원어치 대한해운 주식을 내준 것을 비롯해 에스엠스틸 227억원, 삼라 180억원, 동아건설산업 117억원 순이다. 에스엠상선을 뺀 나머지가 맡긴 담보에는 에스엠하이플러스 등 그룹내...",LNG 투자 확대 기대감…한텍·엔케이 한국카본 일승 비에이치아이 주가...,https://www.pinpointnews.co.kr/news/articleView.html?idxno=457569,"삼천리와 대한해운은 약세를 나타내고 있으며, HD한국조선해양과 한화엔진 역시 최근 상승에 따른 부담이 반영되는 모습이다. SK는 2.40% 하락한 상태다. HD현대중공업도 2.82% 하락하며 숨 고르기 양상을 보이고 있다...."
에코플라스틱,038110,STOP_WATCH,2220.0,3750.0,-40.8,naver_finance,2026-06-08 19:36:51 KST,주의,보통,"에코플라스틱은 현대모비스 범퍼 사업부 매각 입찰에 참여한 것으로 확인되었으며, 이는 약 4000억원 규모의 거래로 예상됩니다. 현재 주가는 52주 최저가 근처에서 등락을 반복하고 있으며, 일부 뉴스에서는 실적 불확실성과 밸류에이션 부담으로 약세를 보인다고 언급하고 있습니다. 또한, 자동차 전장화 열풍 속에서도 투자 심리가 위축된 종목 중 하나로 분류되기도 했습니다.","현대모비스 범퍼 사업부 매각 입찰 참여는 잠재적인 사업 확장 또는 재편의 기회가 될 수 있습니다. 이는 회사의 미래 성장 동력 확보에 긍정적인 영향을 미칠 가능성이 있습니다. 또한, 자동차 산업 전반의 전장화 트렌드는 장기적으로 관련 부품 업체에 수혜를 줄 수 있는 요인입니다.","현재 주가가 52주 최저가 부근에서 거래되고 있다는 점은 투자 심리 위축과 실적에 대한 우려를 반영할 수 있습니다. 일부 뉴스에서 실적 불확실성과 밸류에이션 부담을 언급하는 것은 단기적인 주가 하락 압력으로 작용할 수 있습니다. 또한, 매각 입찰 결과에 따라 사업 구조 변화가 예상되지만, 그 결과가 불확실하다는 점도 리스크 요인입니다.","현재가 2220.0원은 평균단가 3750.0원 대비 약 40.8%의 손실 구간에 있습니다. 이는 상당한 손실을 기록하고 있음을 의미하며, 현재 주가는 52주 최저가 수준에서 벗어나지 못하고 있어 추가 하락에 대한 우려가 존재합니다. 평균단가 회복을 위해서는 현재가 대비 상당한 주가 상승이 필요합니다.","보유하신 에코플라스틱은 현재 상당한 손실 구간에 있으며, 주가 또한 52주 최저가 부근에서 약세를 보이고 있습니다. 현대모비스 범퍼 사업부 매각 입찰 참여 소식은 긍정적인 모멘텀이 될 수 있으나, 실적 불확실성 및 밸류에이션 부담에 대한 우려도 상존합니다. 따라서 현재 상황에서는 신중한 접근이 필요하며, 추가적인 정보 확인과 시장 상황을 면밀히 관찰하며 대응하는 것이 바람직합니다. 손실 폭이 크므로, 향후 주가 움직임을 예의주시하며 분할 매수 또는 추가적인 하락 시 손절 여부를 신중하게 검토해 보시기 바랍니다.","1. 현대모비스 범퍼 사업부 매각 입찰 참여 소식이 있으나, 주가는 52주 최저가 부근에서 약세를 보이고 있습니다.
2. 실적 불확실성과 밸류에이션 부담에 대한 우려가 존재하며, 투자 심리가 위축된 상태입니다.
3. 현재 상당한 손실 구간에 있으므로, 향후 주가 움직임을 면밀히 관찰하며 신중하게 대응할 필요가 있습니다.","본 정보는 투자 판단을 위한 보조 자료이며, 실제 투자 결정은 투자자 본인의 판단과 책임 하에 이루어져야 합니다. 뉴스 요약 및 분석은 제공된 정보를 기반으로 하며, 모든 잠재적 요인을 포함하지 않을 수 있습니다.",gemini-2.5-flash-lite,gemini_ok,"[더벨]현대모비스 범퍼사업부 매각, '통인수 제안' 막판 변수로",https://www.thebell.co.kr/free/content/ArticleView.asp?key=202606020932064960109242,금번 입찰에는 에코플라스틱을 포함해 총 3곳의 원매자가 참여한 것으로 확인됐다. 매각 대상은 미국·중국·멕시코·브라질·슬로바키아 등 해외 범퍼 공장 5곳이다. 전체 거래 규모는 약 4000억원 수준으로 거론된다....,[52주 최저가] 파인텍 -7.9%↓... 218개 장중 신저가,https://www.itooza.com/common/iview.php?no=2026060509340101752,"9% 3,360 ★ 113 에코플라스틱 2,385 ▼1.9% 2,365 ★★ 114 코콤 3,025 ▼1.8% 3,000 ★★★★ 115 한국석유 12,090 ▼1.7% 12,060 ★★★ 116 이지케어텍 6,640 ▼1.6% 6,540 ★★★★★ 117...","[52주]최고가 25개, 최저가 556개.. 코스피 8600 돌파",https://www.itooza.com/common/iview.php?no=2026060109340105881,"0% 2,950 ★★★★ 472 에코플라스틱 2,640 0.0% 2,545 ★★ 473 지에스이 2,040 0.0% 1,984 ★★★ 474 CMG제약 1,236 0.0% 1,181 ★ 475 노을 975 0.0% 920 ★ 476 한창산업 5,780 0.0% 5,590...","에이엔피, 자동차 전장화 열풍 타고 PCB·부품 경쟁력 재부각",https://www.pinpointnews.co.kr/news/articleView.html?idxno=456191,"에스엠벡셀과 인화정공, 티에이치엔, 에코플라스틱, 풍강도 투자심리가 위축된 상태다. 성창오토텍과 DH오토웨어, 케이피에프, 평화산업, 에스텍은 중소형주 차익실현 매물이 집중되고 있다. 폴라리스세원과 모티브링크...","AI 데이터센터發 전력 대란 해결사…신성에스티, ESS 장비 수혜주로 우...",https://www.pinpointnews.co.kr/news/articleView.html?idxno=455873,"나노팀과 네오티스, 아모그린텍, 에코플라스틱은 실적 불확실성과 밸류에이션 부담이 동시에 반영되며 약세를 나타내고 있다. 모티브링크와 SNT모티브, 삼화전기 역시 기관 차익실현 압력이 이어지는 모습이다. LG전자는..."
태림포장,011280,STOP_WATCH,1825.0,2100.0,-13.1,naver_finance,2026-06-08 19:37:09 KST,주의,높음,"태림포장은 글로벌세아의 제지사업 인수전에 포함된 주요 계열사 중 하나로, 태림페이퍼, 전주페이퍼 등과 함께 매각 대상에 올랐습니다. 복수의 재무적 투자자(FI)들이 예비입찰에 참여하며 높은 관심을 보이고 있으나, 매각 측이 희망하는 기업가치 2조원 수준에 원매자들이 부담을 느끼는 모습도 관찰됩니다. 또한, 태림포장은 최근 CJ대한통운과 물류 효율화 및 포장 원자재 수급을 위한 업무협약을 체결하며 사업적 협력을 강화하고 있습니다. 이러한 인수합병 이슈와 사업 협력은 태림포장의 향후 기업 가치 및 주가에 영향을 미칠 수 있는 중요한 요인입니다.","글로벌세아의 제지사업 인수전에 포함되어 잠재적 인수 주체들의 관심을 받고 있다는 점은 긍정적입니다. 복수의 재무적 투자자들이 예비입찰에 참여하며 사업 가치를 인정받을 가능성이 있습니다. 또한, CJ대한통운과의 업무협약은 물류 효율성 증대 및 원자재 수급 안정화를 통해 사업 경쟁력을 강화할 수 있는 기회를 제공합니다. 이는 장기적인 성장 동력 확보에 기여할 수 있습니다.","인수합병 과정에서 희망하는 기업가치와 실제 거래 가격 간의 괴리가 발생할 경우, 인수 무산 또는 낮은 가격으로의 인수 가능성이 있습니다. 이는 주가에 부정적인 영향을 미칠 수 있습니다. 또한, 인수 주체의 경영 전략 변화에 따라 태림포장의 사업 방향성이 달라질 수 있으며, 이는 불확실성을 야기할 수 있습니다. 현재 주가가 평균단가 대비 하락한 상태이므로, 추가적인 하락 가능성에 대한 주의가 필요합니다.","현재가 18,250원은 평균단가 21,000원 대비 약 13.1% 하락한 상태입니다. 이는 보유자 입장에서 손실 구간에 있음을 의미합니다. 최근의 인수합병 관련 뉴스가 주가에 긍정적인 영향을 미치지 못하고 있으며, 오히려 하락세를 보이고 있어 투자 심리가 위축될 수 있습니다. 현재 가격대는 추가적인 하락 가능성과 반등 가능성이 공존하는 구간으로 판단됩니다.","보유자 관점에서는 현재의 STOP_WATCH 상태를 유지하며 시장 상황을 신중하게 관망하는 것이 바람직합니다. 인수합병 관련 뉴스의 진행 상황과 실제 거래 결과, 그리고 CJ대한통운과의 협력 효과를 면밀히 주시해야 합니다. 현재 손실 구간이므로, 추가적인 하락 시 손절매 또는 비중 축소를 고려할 수 있으며, 반등 시에는 평균단가 회복 여부를 확인하며 대응 전략을 세우는 것이 좋습니다. 단기적인 주가 변동성에 일희일비하기보다는 장기적인 관점에서 기업 가치 변화를 추적하는 것이 중요합니다.","1. 글로벌세아 제지사업 인수전에 포함되어 복수 FI의 관심을 받고 있으나, 높은 희망 기업가치로 인해 원매자들의 부담이 존재합니다.
2. CJ대한통운과 물류 효율화 및 포장 원자재 수급 관련 업무협약을 체결하며 사업적 협력을 강화하고 있습니다.
3. 현재 주가는 평균단가 대비 하락한 상태이며, 인수합병 이슈와 사업 협력 효과를 종합적으로 고려한 신중한 대응이 요구됩니다.","본 정보는 투자 판단을 위한 보조 자료이며, 실제 투자 결정은 투자자 본인의 판단과 책임 하에 이루어져야 합니다. 뉴스 기사의 내용과 주가 움직임은 다양한 요인에 의해 영향을 받을 수 있으며, 본 분석이 모든 상황을 반영하지는 못할 수 있습니다.",gemini-2.5-flash-lite,gemini_ok,글로벌세아 제지사업 인수전에 복수 FI 인수의향[시그널],https://n.news.naver.com/mnews/article/011/0004628222?sid=101,"골판지 원지를 생산하는 태림페이퍼와 이를 가공해 상자를 만드는 태림포장, 신문용지와 골판지 원지를 제조하는 전주페이퍼, 그리고 열병합 발전소인 전주원파워 등이다. 글로벌세아는 2020년 IMM프라이빗에쿼티(PE)...",글로벌세아 제지사업 예비입찰에 복수 FI 참여,https://n.news.naver.com/mnews/article/009/0005689855?sid=101,"이번 매각 대상은 골판지 원지·상자 제조 업체 태림페이퍼·태림포장, 신문용지·골판지 원지 제조사 전주페이퍼, 열병합 발전소 전주원파워다. 매각 측은 통매각을 통해 기업가치 2조원 수준을 희망하는 것으로...",[Who Is ?] 신영수 CJ대한통운 대표이사,https://www.businesspost.co.kr/BP?command=article_view&num=439223,신영수 CJ대한통운 대표이사(왼쪽)가 2024년 3월4일 태림포장과 물류 효율화 및 포장 원자재 수급을 위한 업무협약을 체결하고 이복진 태림포장 대표와 기념촬영을 하고 있다.  △첨단 물류기술 도입...,나이키도 인정한 테그라의 2년…글로벌세아 합류 실적·품질 '퀀텀점프...,https://www.econovill.com/news/articleView.html?idxno=741359,"또한 해외 고급건축 실적 1위 쌍용건설, 골판지·종이 포장기업 태림페이퍼와 태림포장, 신문용지·골판지원지 전문 생산기업 전주페이퍼, 수소 관련 친환경 기업 발맥스기술, 식음료 회사 태범, 문화예술 공간...","[더벨]태림페이퍼 예비입찰 임박, 높은 몸값에 원매자들 '멈칫'",https://www.thebell.co.kr/free/content/ArticleView.asp?key=202605290740222600109056,"태림페이퍼는 태림판지, 태림포장, 티앤제이인베스트먼트, 동원페이퍼 등을 주요 계열사로 두고 있다. 티앤제이인베스트먼트 산하에는 전주페이퍼와 전주원파워, 전주에너지 등이 있다. 태림페이퍼를 인수하면..."
태웅,044490,STOP_WATCH,29200.0,40500.0,-27.9,naver_finance,2026-06-08 19:37:23 KST,긍정,보통,"태웅은 최근 태국 국제식품박람회에서 60만 달러 규모의 음료 제품 수출 계약을 체결하며 동남아 시장에서의 인기를 입증했습니다. 이는 건강 트렌드에 부합하는 제품으로, 충북 기업들이 총 492만 달러의 수출 성과를 거둔 가운데 나온 긍정적인 소식입니다. 해당 뉴스는 여러 언론을 통해 보도되며 시장의 주목을 받고 있습니다.","태웅은 태국 국제식품박람회에서 60만 달러 규모의 음료 제품 수출 계약을 성공적으로 체결했습니다. 이는 건강 트렌드에 부합하는 제품 경쟁력을 보여주며, 동남아 시장에서의 성장 가능성을 시사합니다. 이러한 수출 성과는 회사의 매출 증대 및 브랜드 인지도 향상에 기여할 것으로 기대됩니다.","현재까지 공개된 뉴스는 주로 수출 계약 체결에 초점을 맞추고 있어, 계약의 구체적인 조건이나 향후 이행 과정에서의 잠재적 리스크에 대한 정보는 부족합니다. 또한, 글로벌 경기 변동성, 환율 변동, 경쟁 심화 등 외부 요인이 수출 실적에 영향을 미칠 수 있습니다.","현재가 29,200원 대비 평균단가 40,500원은 약 27.9%의 손실 구간에 해당합니다. 이는 현재 주가가 보유자들의 평균 매입 단가보다 낮은 수준임을 의미하며, 추가적인 주가 상승을 통해 손익분기점을 넘어서는 것이 중요함을 시사합니다.","최근 태국 국제식품박람회에서의 긍정적인 수출 계약 소식은 향후 실적 개선에 대한 기대감을 높일 수 있습니다. 다만, 현재 손실 구간에 있는 만큼, 단기적인 주가 변동성을 주시하며 신중한 접근이 필요합니다. 향후 추가적인 수출 계약 체결이나 신제품 출시 등 긍정적인 모멘텀이 발생할 경우 보유를 고려해 볼 수 있습니다. 반대로, 시장 상황 악화나 예상치 못한 부정적인 뉴스가 발생할 경우 손절가 설정 여부를 재검토하는 것이 좋습니다.","1. 태웅, 태국 국제식품박람회서 60만 달러 음료 수출 계약 체결.
2. 동남아 시장에서의 제품 경쟁력 확인 및 향후 성장 기대감 상승.
3. 현재 손실 구간, 주가 변동성 고려한 신중한 대응 필요.","본 정보는 투자 판단을 위한 보조 자료이며, 실제 투자 결정은 투자자 본인의 판단과 책임 하에 이루어져야 합니다. 제공된 정보는 제한적일 수 있으며, 시장 상황 및 기업 관련 추가 정보 확인이 필요합니다.",gemini-2.5-flash-lite,gemini_ok,"충북도, 태국 국제식품박람회서 492만 달러 수출계약 성과",https://www.ccdn.co.kr/news/articleView.html?idxno=1082002,"㈜아리너스(제천)는 건강 트렌드에 맞춘 강황농축액과 칼슘젤리 등으로 96만 달러의 계약을, 태웅식품㈜(음성)은 복숭아 아이스티 등 음료 제품으로 60만 달러의 수출 계약을 맺으며 동남아 시장에서의 높은 인기를...","충북 기업 11개사, 태국 식품박람회서 492만달러 수출계약",https://n.news.naver.com/mnews/article/001/0016126765?sid=101,"또 제천 소재 아리너스는 강황농축액과 칼슘젤리 등으로 96만달러(약 14억4천만원)의 계약을, 음성 소재 태웅식품은 복숭아 아이스티 등 음료 제품으로 60만달러(약 9억원)의 계약을 각각 체결했다. 충북도는 이들...","충북 기업, 국제식품박람회 수출 대박",http://www.dynews.co.kr/news/articleView.html?idxno=853377,"㈜아리너스(제천)는 건강 트렌드에 맞춘 강황농축액과 칼슘젤리 등으로 96만 달러의 계약을 체결했으며, 태웅식품(주)(음성)은 복숭아 아이스티 등 음로 제품으로 60만 달러의 수출 계약을 맺으며 동남아시장에서 높은...","[청주소식]충북농기원, 유산균 3종 특허출원 등",https://n.news.naver.com/mnews/article/003/0013994038?sid=102,"식품업체 해사랑은 130만 달러 상당의 조미김 등 수출 계약과 30만 달러 규모의 MOU를 체결했다. 아리너스(제천)는 강황농축액과 칼슘젤리 등 96만 달러, 태웅식품은 60만 달러의 음료제품 수출 계약에 성공했다.","충북도, 태국 국제식품박람회 492만 달러 수출 계약 성과",https://www.gukjenews.com/news/articleView.html?idxno=3602463,"㈜아리너스(제천)는 건강 트렌드에 맞춘 강황농축액과 칼슘젤리 등으로 96만 달러의 계약을 체결했으며, 태웅식품㈜(음성)은 복숭아 아이스티 등 음료 제품으로 60만 달러의 수출 계약을 맺으며 동남아 시장에서의..."
HANARO K휴머노이드테마TOP10,0155N0,STOP_WATCH,9890.0,11000.0,-10.09,naver_finance,2026-06-08 19:37:30 KST,중립,보통,"최근 상장지수펀드(ETF) 시장에서 AI 반도체와 은행주가 강세를 보이는 반면, 자동차 및 친환경 등 일부 테마는 약세를 보이며 혼조세를 나타내고 있습니다. 그러나 피지컬 AI와 휴머노이드 로봇 테마는 엔비디아 협력 및 기술 고도화 기대감으로 자금 유입이 지속되는 긍정적인 흐름도 관찰됩니다. 국내 주요 자산운용사들이 휴머노이드 및 로봇 관련 신규 ETF를 잇달아 출시하며 시장의 파이를 키우고 있습니다. 로보스타, 두산로보틱스 등 로봇 관련 개별 종목들의 이격도 과열 및 테마 확산세가 관련 ETF의 성과에도 직간접적인 영향을 미치고 있는 상황입니다.","글로벌 빅테크 기업들의 로봇 및 피지컬 AI 분야 투자가 확대되면서 장기적인 성장 모멘텀이 유효합니다. 국내 로봇 산업 내 핵심 기업들을 압축 투자하는 테마형 ETF로서, 로봇 산업 전반의 수혜를 기대할 수 있습니다. 최근 로봇 및 AI 소프트웨어 관련 ETF로의 자금 유입세가 확인되어 시장의 관심도가 완전히 사그라들지 않았음을 보여줍니다.",최근 주식시장 내 자금이 AI 반도체나 특정 금융주 등 일부 주도 섹터로 쏠리면서 로봇 테마의 단기 소외 가능성이 존재합니다. 로봇 및 휴머노이드 테마는 미래 가치를 선반영하는 경향이 있어 시장 금리나 매크로 환경 변화에 따른 변동성이 큽니다. 구성 종목들의 실적 가시화 속도가 시장의 기대치보다 느릴 경우 주가 조정 기간이 길어질 수 있습니다.,"현재가는 9,890원으로 보유자의 평균단가인 11,000원 대비 -10.09%의 손실을 기록하고 있습니다. 심리적 지지선인 10,000원 선을 하회한 상태이나, 최근 로봇 테마로의 자금 유입 흐름을 감안할 때 추가 급락보다는 바닥 다지기 가능성을 타진해야 하는 구간입니다. 현재의 마이너스 수익률은 단기 테마 조정에 따른 결과로 보이며, 추가 하락 시 리스크 관리가 필요한 시점입니다.","현재 'STOP_WATCH' 판단이 내려진 만큼, 급격한 추가 매수나 섣부른 손절보다는 관망세를 유지하며 시장 흐름을 관찰하는 것이 바람직합니다. 로봇 테마 내 핵심 구성 종목들의 실적 발표 및 글로벌 피지컬 AI 관련 뉴스 플로우를 면밀히 모니터링해야 합니다. 주가가 10,000원 선을 안정적으로 회복하고 안착하는지 여부를 확인한 후 비중 조절을 고민하는 것이 좋습니다. 만약 로봇 섹터 전반의 거래량이 실리며 반등할 경우 평단가 낮추기를 고려할 수 있으나, 현재는 리스크 관리에 방점을 두어야 합니다.","1. AI 및 휴머노이드 로봇 테마로의 자금 유입 흐름은 장기 성장성을 뒷받침하는 긍정적 요인입니다.
2. 현재가는 평단가 대비 -10.09% 하락한 9,890원으로, 심리적 마디가인 10,000원 회복 여부가 중요합니다.
3. 단기 변동성에 유의하며 추가 매수보다는 로봇 섹터의 수급 개선을 확인하는 관망 전략이 유효합니다.","본 분석은 뉴스 및 시장 데이터를 바탕으로 한 참고용 자료이며, 투자 결과에 대한 법적 책임을 지지 않습니다. 실제 투자 결정은 본인의 판단 하에 신중히 진행하시기 바랍니다.",gemini-3.5-flash,gemini_ok,AI반도체 밸류체인 상위권… ‘저평가 매력’ 은행주도 강세[ETF 스퀘어...,https://n.news.naver.com/mnews/article/014/0005531491?sid=101,"31%), 'SOL 미국우주항공TOP10'(-13.00%), 'KODEX 미국우주항공'(-12.34%)이 나란히 하락률 상위권에 포진했다. 자동차·모빌리티와 친환경 에너지 테마도 약세를 면치 못했다. 'SOL 자동차소부장Fn'(-12.05%), 'HANARO...",AI반도체·은행 강세…2차전지·방산·우주항공은 일제히 약세 [ETF 스퀘...,https://n.news.naver.com/mnews/article/014/0005531417?sid=101,"31%), 'SOL 미국우주항공TOP10'(-13.00%), 'KODEX 미국우주항공'(-12.34%)이 나란히 하락률 상위권에 포진했다. 자동차·모빌리티와 친환경 에너지 테마도 약세를 면치 못했다. 'SOL 자동차소부장Fn'(-12.05%), 'HANARO...",엔비디아 협력도 로봇으로…피지컬 AI ETF에 돈 몰린다,http://www.segyebiz.com/newsView/20260606500544?OutUrl=naver,"KODEX 로봇액티브(3749억원), TIGER 코리아휴머노이드로봇산업(1172억원), ACE K휴머노이드로봇산업TOP2+(979억원) 순으로 자금이 들어왔다. KODEX 로봇액티브의 한 달 수익률은 25.45%로 가장 높았다. HANARO...",삼전닉스 2X ETF 전면전…승자는 '삼성·미래' [ETF 리그테이블],https://www.smarttoday.co.kr/ko-kr/articles/108051,06% 8 HANARO 중기종합채권(A-이상)액티브 NH아문디자산운용 채권 1116억원 0.05% 9 PLUS 중기종합채권(A-이상)... 4월 한국투자신탁운용의 ACE K휴머노이드로봇산업TOP2+에 이어 휴머노이드 로봇 테마가 신규 ETF...,[이격도과열 종목] 로보스타 LG헬로비전 LG전자우 두산로보틱스 오브젠...,https://www.pinpointnews.co.kr/news/articleView.html?idxno=456897,"AI와 소프트웨어 테마의 확산은 관련 ETF에도 영향을 미쳤다. SOL 한국AI소프트웨어, SOL 미국AI소프트웨어, TIGER 미국AI소프트웨어TOP4Plus, 1Q K소버린AI, HANARO Fn K-메타버스MZ 등이 동반 상승하며 투자자 자금이 미래..."
LG유플러스,032640,HOLD,15720.0,15400.0,2.08,naver_finance,2026-06-08 19:37:48 KST,중립,보통,"LG유플러스는 최근 엔비디아와의 AI 동맹 강화 소식으로 주목받고 있습니다. LG전자, LG CNS 등 계열사와 함께 데이터센터 냉각 시스템, 전력 인프라, 산업용 AI 등 다양한 분야에서 협력을 추진 중입니다. 특히 LG유플러스는 엔비디아의 DSX AI 팩토리 레퍼런스 디자인 협력에 참여하며 AI 기술 발전에 기여할 것으로 기대됩니다. 또한, 편의점 제휴 요금제인 'CU 요금제'의 성공적인 성과도 긍정적인 요소로 작용하고 있습니다.","LG유플러스는 엔비디아와의 AI 동맹을 통해 차세대 AI 기술 개발 및 데이터센터 관련 사업 협력을 강화하고 있습니다. 이는 미래 성장 동력 확보에 긍정적인 영향을 미칠 수 있습니다. 또한, 편의점 CU와의 제휴 요금제가 출시 1년 만에 좋은 성과를 거두며 신규 고객 확보 및 수익 증대에 기여하고 있습니다.","최근 코스피 시장 전반의 급락세 속에서 LG유플러스는 상대적으로 선방했으나, 여전히 거시 경제 불확실성 및 반도체 업황 훼손 우려가 시장에 영향을 미칠 수 있습니다. 또한, 통신업종은 규제 리스크나 경쟁 심화 가능성도 잠재적인 위험 요인으로 고려될 수 있습니다.","현재가 15,720원은 평균단가 15,400원 대비 약 2.08%의 수익률을 기록하고 있습니다. 이는 현재 시장 상황에서 비교적 안정적인 보유 상태를 나타냅니다. 다만, 최근 시장 변동성을 고려할 때 추가적인 가격 움직임에 대한 면밀한 관찰이 필요합니다.","현재 보유 중인 LG유플러스에 대해 긍정적인 기술 협력 소식과 안정적인 수익률을 고려할 때, 단기적인 시장 변동성에 일희일비하기보다는 장기적인 관점에서 접근하는 것이 바람직해 보입니다. 엔비디아와의 협력 성과 및 신규 요금제 가입 추이를 지속적으로 모니터링하며 투자 전략을 유지하거나 점진적으로 비중을 조절하는 방안을 고려해볼 수 있습니다. 다만, 시장 전반의 하락 위험에 대비하여 손절가 설정 등 리스크 관리 방안을 마련하는 것도 중요합니다.","1. 엔비디아와의 AI 동맹 강화 및 CU 제휴 요금제 성과 등 긍정적 모멘텀 보유.
2. 시장 전반의 하락세 속에서 상대적 선방, 현재 소폭 수익 중이나 거시 경제 불확실성 상존.
3. 장기적 관점에서 기술 협력 성과 및 시장 상황을 고려한 신중한 보유 및 리스크 관리 필요.","본 정보는 투자 판단을 위한 참고 자료이며, 실제 투자 결정은 투자자 본인의 판단과 책임 하에 이루어져야 합니다. 어떠한 경우에도 본 정보는 투자 결과에 대한 법적 책임을 지지 않습니다.",gemini-2.5-flash-lite,gemini_ok,"우리투자증권, '위비킬샷' 1위 고객에 벤츠 S-클래스 증정 外",https://www.rcast.co.kr/news/articleView.html?idxno=31003,지난해 6월 주력 상품인 LG유플러스(이하 LGU+)망 'CU 요금제'를 출시한 지 약 1년 만의 성과다. 'CU 제휴 요금제'는 이동통신 요금제와 편의점 결제 할인 혜택을 직접 결합한 상품이다. 가입 고객은 전국 CU 매장에서 결제...,금리·반도체 실적 우려에… ‘검은 월요일’ 코스피 8%↓,https://n.news.naver.com/mnews/article/005/0001853747?sid=101,"시가총액 상위 100개 종목 가운데 네이버(9.20%) SK텔레콤(0.28%) LG유플러스(2.61%)를 제외하면 모두 내렸다. 대장주 삼성전자는 전 거래일보다 10.18% 하락한 29만5500원, SK하이닉스는 7.68% 내린 191만1000원에 각각 거래를...","젠슨 황, 방한 4일째 '광폭 행보'… SK·LG·현대차·네이버까지 AI 동맹...",https://www.newscj.com/news/articleView.html?idxno=3407641,"LG는 LG전자, LG CNS, LG유플러스, LG에너지솔루션, LG AI연구원 등 계열사 역량을 결집해 엔비디아와 데이터센터 냉각 시스템, 전력 인프라, 산업용 AI, 차세대 AI 모델 개발 협력을 추진하고 있다. 구 회장은 ""AI 시대를...",“회사 화장실 꽉 찼네요”…더블 서킷브레이커 와중에 오른 종목 어디,https://n.news.naver.com/mnews/article/009/0005691016?sid=101,LG유플러스 역시 2.61% 오르며 통신업종이 유일하게 강세를 나타냈다. 증권가에서는 이번 급락을 반도체 업황 훼손보다는 과도하게 쌓였던 상방 포지션이 정상화되는 과정으로 보는 시각이 많다. 하지만 여전히...,"""LG는 월클"" 치켜세운 젠슨 황… 로봇·AI '전방위 혈맹'",https://n.news.naver.com/mnews/article/014/0005532105?sid=101,LG에너지솔루션도 차세대 그래픽처리장치(GPU) 서버의 전력 수요 증가에 대응하기 위해 엔비디아와 데이터센터 전력 솔루션 관련 협력을 논의 중이며 LG유플러스와 LG CNS는 엔비디아의 DSX AI 팩토리 레퍼런스 디자인을...
TIGER K방산&우주,463250,STOP_WATCH,35770.0,44500.0,-19.62,naver_finance,2026-06-08 19:38:07 KST,주의,보통,"최근 ETF 시장에서는 로봇, AI, 반도체 관련 테마에 자금이 몰리는 현상이 두드러지고 있습니다. 특히 엔비디아와의 협력, 피지컬 AI, 휴머노이드 로봇 관련 ETF들이 높은 수익률을 기록하며 주목받고 있습니다. 또한, AI 소프트웨어 및 사이버 보안 관련 ETF들도 상승세를 보이고 있으며, 미국 금리 하락 기대감과 함께 배당 및 커버드콜 전략을 활용한 ETF들도 투자자들의 관심을 받고 있습니다. 다만, TIGER K방산&우주 ETF와 직접적인 연관성이 높은 뉴스는 현재까지 확인되지 않고 있습니다.","현재 보유하고 계신 TIGER K방산&우주 ETF와 직접적으로 연관된 긍정적인 뉴스는 확인되지 않습니다. 다만, 전반적인 ETF 시장의 활황세와 AI, 로봇 등 성장 테마에 대한 투자자들의 높은 관심은 간접적으로 긍정적인 영향을 줄 수 있습니다. 이러한 시장 분위기는 향후 방산 및 우주 산업 관련 투자 심리에도 긍정적인 영향을 미칠 가능성이 있습니다.","현재 보유하신 TIGER K방산&우주 ETF와 직접적으로 관련된 부정적인 뉴스는 확인되지 않았습니다. 그러나 ETF의 기초 자산이 되는 방산 및 우주 산업은 지정학적 리스크, 정부 정책 변화, 대규모 투자 집행 지연 등 다양한 외부 요인에 민감하게 반응할 수 있습니다. 또한, 현재 시장의 관심이 AI, 로봇 등 다른 테마에 집중되어 있어 상대적으로 소외될 가능성도 배제할 수 없습니다. 현재 손실 구간에 진입해 있다는 점도 추가적인 하락 시 심리적 부담으로 작용할 수 있습니다.","현재가 35,770원 대비 평균단가 44,500원으로 약 19.62%의 손실을 기록하고 있습니다. 이는 현재 보유하신 ETF의 가격이 평균 매수 단가보다 상당히 하락한 상태임을 의미합니다. 현재 시장에서 TIGER K방산&우주 ETF 자체에 대한 긍정적인 모멘텀이 두드러지지 않는 상황에서, 이러한 손실률은 투자자에게 심리적 부담으로 작용할 수 있습니다.","현재 보유하신 TIGER K방산&우주 ETF는 평균단가 대비 상당한 손실 구간에 있습니다. 최근 ETF 시장은 AI, 로봇 등 특정 테마에 자금이 집중되는 경향을 보이고 있어, 방산 및 우주 산업 관련 ETF의 경우 상대적으로 주목을 덜 받고 있을 수 있습니다. 보유 중인 ETF의 투자 목표와 현재 시장 상황을 고려하여 신중한 판단이 필요합니다. 추가적인 하락 가능성을 염두에 두고 손절가 설정 여부를 검토하거나, 장기적인 관점에서 산업 전망을 재평가하는 방안을 고려해 볼 수 있습니다. 다만, 이는 투자 권유가 아니며, 투자자 본인의 판단 하에 결정해야 합니다.","1. TIGER K방산&우주 ETF는 현재 평균단가 대비 약 20%의 손실 상태입니다.
2. 최근 ETF 시장은 AI, 로봇 등 특정 테마에 자금이 집중되는 경향을 보이고 있습니다.
3. 보유 ETF와 직접적인 연관성이 높은 뉴스는 확인되지 않아, 신중한 대응이 필요합니다.","본 정보는 투자 판단을 위한 보조 자료이며, 실제 투자 결정은 투자자 본인의 판단과 책임 하에 이루어져야 합니다. 과거의 수익률이 미래의 수익률을 보장하지 않으며, 투자에는 원금 손실의 위험이 따릅니다.",gemini-2.5-flash-lite,gemini_ok,엔비디아 협력도 로봇으로…피지컬 AI ETF에 돈 몰린다,http://www.segyebiz.com/newsView/20260606500544?OutUrl=naver,"KODEX 로봇액티브(3749억원), TIGER 코리아휴머노이드로봇산업(1172억원), ACE K휴머노이드로봇산업TOP2+(979억원) 순으로 자금이 들어왔다. KODEX 로봇액티브의 한 달 수익률은 25.45%로 가장 높았다. HANARO...",[이격도과열 종목] 로보스타 LG헬로비전 LG전자우 두산로보틱스 오브젠...,https://www.pinpointnews.co.kr/news/articleView.html?idxno=456897,"AI와 소프트웨어 테마의 확산은 관련 ETF에도 영향을 미쳤다. SOL 한국AI소프트웨어, SOL 미국AI소프트웨어, TIGER 미국AI소프트웨어TOP4Plus, 1Q K소버린AI, HANARO Fn K-메타버스MZ 등이 동반 상승하며 투자자 자금이 미래...",[ETF 열전] SK하이닉스 급락 베팅부터 AI반도체까지…변동성 장세 인버스...,https://www.newsworks.co.kr/news/articleView.html?idxno=843149,"다우존스'가 포함됐다. 신한자산운용은 'SOL SK하이닉스선물단일종목인버스2X', 'SOL 금융지주플러스고배당' 등 2개 상품이 상위권에 진입했다. 미래에셋자산운용은 'TIGER 글로벌AI사이버보안', 'TIGER 미국필라델피아...",[상대강도과열 종목] 마키나락스 아이진 코스모로보틱스 노려라,https://www.pinpointnews.co.kr/news/articleView.html?idxno=454192,"SOL 미국배당다우존스2호와 KIWOOM 미국S&P500&배당다우존스비중전환, KODEX 미국성장커버드콜액티브, TIGER 미국나스닥100타겟데일리커버드콜 등이 상승했다. 변동성 장세 속에서 안정적인 현금흐름을 추구하는...",[상대강도과열 종목] 케이피항공산업 졸스 코스맥스엔비티 피델릭스아...,https://www.pinpointnews.co.kr/news/articleView.html?idxno=453855,"TIME 미국배당다우존스액티브, RISE 미국S&P500데일리고정커버드콜, ACE 미국500데일리타겟커버드콜(합성), TIGER 미국나스닥100타겟데일리커버드콜 등이 과열 종목에 포함됐다. 미국 금리 하락 기대와 함께 안정적..."
컴퍼니케이,307930,STOP_WATCH,7950.0,9150.0,-13.11,naver_finance,2026-06-08 19:38:22 KST,중립,낮음,컴퍼니케이와 관련된 최근 뉴스가 확인되지 않아 현재 시장에서 특별한 이슈가 부각되고 있지 않은 상황입니다. 따라서 회사의 주가 움직임은 현재로서는 뚜렷한 외부 요인보다는 전반적인 시장 상황이나 개별적인 수급 요인에 영향을 받을 가능성이 있습니다. 투자자들은 회사의 근본적인 사업 내용이나 잠재적 성장 동력에 대한 자체적인 분석을 통해 투자 판단을 내려야 할 시점입니다.,"현재 컴퍼니케이에 대한 긍정적인 뉴스가 없어 구체적인 긍정적 요인을 제시하기 어렵습니다. 다만, 회사가 영위하는 사업 분야의 잠재력이나 향후 신규 사업 진출 가능성 등은 장기적인 관점에서 긍정적인 요소로 작용할 수 있습니다. 또한, 현재 주가 수준이 평균단가 대비 하락한 상태이므로, 향후 주가 반등 시 수익을 기대할 수 있는 기회가 될 수도 있습니다.","컴퍼니케이 관련하여 현재 뚜렷한 악재성 뉴스는 없으나, 관련 뉴스가 부재하다는 점 자체가 시장의 관심에서 멀어지고 있다는 신호일 수 있습니다. 이는 향후 주가 상승 동력 약화로 이어질 수 있으며, 투자자들의 관심 부족은 유동성 감소로 이어져 주가 변동성을 키울 수 있습니다. 또한, 현재 보유 중인 평균단가 대비 손실 구간에 있다는 점은 추가적인 하락 시 손실 확대 위험을 내포하고 있습니다.","현재가 7950원은 평균단가 9150원 대비 약 13.11% 하락한 상태입니다. 이는 보유자 입장에서 손실 구간에 있음을 의미하며, 현재 주가 수준은 단기적인 하락 추세를 나타내고 있습니다. 다만, 이러한 하락이 과도한 수준인지, 아니면 향후 반등을 위한 조정인지에 대한 판단은 추가적인 시장 분석이 필요합니다. 현재가와 평균단가의 격차는 향후 수익 실현을 위해 극복해야 할 과제입니다.","현재 컴퍼니케이 관련하여 뚜렷한 뉴스나 이슈가 없는 상황이므로, 보유자 입장에서는 섣부른 판단보다는 신중한 접근이 필요합니다. 현재 손실 구간에 있으므로 추가적인 하락 가능성을 염두에 두고 손절가 설정 여부를 재검토하는 것이 좋습니다. 또한, 회사의 근본적인 가치와 향후 성장 전망에 대한 자체적인 분석을 통해 보유 여부를 결정하거나, 분할 매수를 통한 평균단가 관리 전략을 고려해 볼 수 있습니다. 시장 상황을 지속적으로 모니터링하며 대응하는 것이 중요합니다.","1. 컴퍼니케이 관련 최근 뉴스가 없어 시장 관심이 낮은 상태이며, 주가 흐름은 전반적인 시장 및 수급 요인에 영향을 받을 가능성이 높습니다.
2. 현재 평균단가 대비 약 13.11%의 손실 구간에 있어 추가 하락 시 손실 확대 위험이 존재합니다.
3. 뚜렷한 이슈가 부재한 만큼, 보유자 관점에서는 신중한 대응과 함께 회사의 근본적인 가치 분석을 기반으로 한 의사결정이 필요합니다.","본 정보는 투자 판단을 위한 보조 자료이며, 실제 투자 결정은 투자자 본인의 판단과 책임 하에 이루어져야 합니다. 제공된 정보는 시장 상황 및 뉴스 업데이트에 따라 변동될 수 있으며, 투자 결과에 대한 어떠한 책임도 지지 않습니다.",gemini-2.5-flash-lite,gemini_ok,,,,,,,,,,,,,,,
