recommendation_id,recommend_date,session,rank,stock_name,stock_code,sector,score,recommend_price,latest_price,latest_update_kst,age_days,latest_return_pct,d1_return_pct,d3_return_pct,d5_return_pct,max_observed_return_pct,min_observed_return_pct,status,signal_id,snapshot_date,snapshot_time,recommendation_model,recommendation_model_name,entry_model,entry_price,source,observed_count,latest_observed_price,latest_observed_at,max_observed_price,min_observed_price,max_return_pct,min_return_pct,days_elapsed,note
,,AM,15,SOL AI반도체소부장,,반도체,54.0,,,,,,,,,,,TRACKING,,,,,,,,,,,,,,,,,
,,AM,1,ACE 미국우주테크액티브,,금융,99.0,,,,,,,,,,,TRACKING,,,,,,,,,,,,,,,,,
,,AM,2,KODEX 200타겟위클리커버드콜,,AI/소프트웨어,86.0,,,,,,,,,,,TRACKING,,,,,,,,,,,,,,,,,
,,AM,3,LG헬로비전,,미디어/콘텐츠,98.0,,,,,,,,,,,TRACKING,,,,,,,,,,,,,,,,,
,,AM,4,TIGER LG그룹플러스,,AI/소프트웨어,90.0,,,,,,,,,,,TRACKING,,,,,,,,,,,,,,,,,
,,AM,5,코칩,,반도체/전자부품,85.0,,,,,,,,,,,TRACKING,,,,,,,,,,,,,,,,,
,,AM,6,라이콤,,반도체/전자부품,80.0,,,,,,,,,,,TRACKING,,,,,,,,,,,,,,,,,
,,AM,7,아바텍,,반도체/전자부품,75.0,,,,,,,,,,,TRACKING,,,,,,,,,,,,,,,,,
,,AM,8,TIGER 배당커버드콜액티브,,AI/소프트웨어,67.0,,,,,,,,,,,TRACKING,,,,,,,,,,,,,,,,,
,,AM,9,SK네트웍스,,도매,71.0,,,,,,,,,,,TRACKING,,,,,,,,,,,,,,,,,
,,AM,10,미래에셋생명,,보험,77.0,,,,,,,,,,,TRACKING,,,,,,,,,,,,,,,,,
,,AM,11,후성,,화학,69.0,,,,,,,,,,,TRACKING,,,,,,,,,,,,,,,,,
,,AM,12,TIGER 미국배당다우존스,,AI/소프트웨어,60.0,,,,,,,,,,,TRACKING,,,,,,,,,,,,,,,,,
,,AM,13,KODEX 미국S&P500,,AI/소프트웨어,58.0,,,,,,,,,,,TRACKING,,,,,,,,,,,,,,,,,
,,AM,14,TIGER 미국S&P500,,AI/소프트웨어,57.0,,,,,,,,,,,TRACKING,,,,,,,,,,,,,,,,,
,,AM,15,SOL AI반도체소부장,,반도체,54.0,,,,,,,,,,,TRACKING,,,,,,,,,,,,,,,,,
,,AM,1,ACE 미국우주테크액티브,,금융,99.0,,,,,,,,,,,TRACKING,,,,,,,,,,,,,,,,,
,,AM,2,KODEX 200타겟위클리커버드콜,,AI/소프트웨어,86.0,,,,,,,,,,,TRACKING,,,,,,,,,,,,,,,,,
,,AM,3,LG헬로비전,,미디어/콘텐츠,98.0,,,,,,,,,,,TRACKING,,,,,,,,,,,,,,,,,
,,AM,4,TIGER LG그룹플러스,,AI/소프트웨어,90.0,,,,,,,,,,,TRACKING,,,,,,,,,,,,,,,,,
,,AM,5,코칩,,반도체/전자부품,85.0,,,,,,,,,,,TRACKING,,,,,,,,,,,,,,,,,
,,AM,6,라이콤,,반도체/전자부품,80.0,,,,,,,,,,,TRACKING,,,,,,,,,,,,,,,,,
,,AM,7,아바텍,,반도체/전자부품,75.0,,,,,,,,,,,TRACKING,,,,,,,,,,,,,,,,,
,,AM,8,TIGER 배당커버드콜액티브,,AI/소프트웨어,67.0,,,,,,,,,,,TRACKING,,,,,,,,,,,,,,,,,
,,AM,9,SK네트웍스,,도매,71.0,,,,,,,,,,,TRACKING,,,,,,,,,,,,,,,,,
,,AM,10,미래에셋생명,,보험,77.0,,,,,,,,,,,TRACKING,,,,,,,,,,,,,,,,,
,,AM,11,후성,,화학,69.0,,,,,,,,,,,TRACKING,,,,,,,,,,,,,,,,,
,,AM,12,TIGER 미국배당다우존스,,AI/소프트웨어,60.0,,,,,,,,,,,TRACKING,,,,,,,,,,,,,,,,,
,,AM,13,KODEX 미국S&P500,,AI/소프트웨어,58.0,,,,,,,,,,,TRACKING,,,,,,,,,,,,,,,,,
,,AM,14,TIGER 미국S&P500,,AI/소프트웨어,57.0,,,,,,,,,,,TRACKING,,,,,,,,,,,,,,,,,
,,AM,15,SOL AI반도체소부장,,반도체,54.0,,,,,,,,,,,TRACKING,,,,,,,,,,,,,,,,,
,,AM,1,ACE 미국우주테크액티브,,금융,99.0,,,,,,,,,,,TRACKING,,,,,,,,,,,,,,,,,
,,AM,2,KODEX 200타겟위클리커버드콜,,AI/소프트웨어,86.0,,,,,,,,,,,TRACKING,,,,,,,,,,,,,,,,,
,,AM,3,LG헬로비전,,미디어/콘텐츠,98.0,,,,,,,,,,,TRACKING,,,,,,,,,,,,,,,,,
,,AM,4,TIGER LG그룹플러스,,AI/소프트웨어,90.0,,,,,,,,,,,TRACKING,,,,,,,,,,,,,,,,,
,,AM,5,코칩,,반도체/전자부품,85.0,,,,,,,,,,,TRACKING,,,,,,,,,,,,,,,,,
,,AM,6,라이콤,,반도체/전자부품,80.0,,,,,,,,,,,TRACKING,,,,,,,,,,,,,,,,,
,,AM,7,아바텍,,반도체/전자부품,75.0,,,,,,,,,,,TRACKING,,,,,,,,,,,,,,,,,
,,AM,8,TIGER 배당커버드콜액티브,,AI/소프트웨어,67.0,,,,,,,,,,,TRACKING,,,,,,,,,,,,,,,,,
,,AM,9,SK네트웍스,,도매,71.0,,,,,,,,,,,TRACKING,,,,,,,,,,,,,,,,,
,,AM,10,미래에셋생명,,보험,77.0,,,,,,,,,,,TRACKING,,,,,,,,,,,,,,,,,
,,AM,11,후성,,화학,69.0,,,,,,,,,,,TRACKING,,,,,,,,,,,,,,,,,
,,AM,12,TIGER 미국배당다우존스,,AI/소프트웨어,60.0,,,,,,,,,,,TRACKING,,,,,,,,,,,,,,,,,
,,AM,13,KODEX 미국S&P500,,AI/소프트웨어,58.0,,,,,,,,,,,TRACKING,,,,,,,,,,,,,,,,,
,,AM,14,TIGER 미국S&P500,,AI/소프트웨어,57.0,,,,,,,,,,,TRACKING,,,,,,,,,,,,,,,,,
,,AM,15,SOL AI반도체소부장,,반도체,54.0,,,,,,,,,,,TRACKING,,,,,,,,,,,,,,,,,
,,PM,1,ACE 미국우주테크액티브,,금융,97.0,,,,,,,,,,,TRACKING,,,,,,,,,,,,,,,,,
,,PM,2,KODEX 200타겟위클리커버드콜,,AI/소프트웨어,83.0,,,,,,,,,,,TRACKING,,,,,,,,,,,,,,,,,
,,PM,3,KODEX 삼성전자채권혼합,,AI/소프트웨어,83.0,,,,,,,,,,,TRACKING,,,,,,,,,,,,,,,,,
,,PM,4,TIGER 은행고배당플러스TOP10,,AI/소프트웨어,81.0,,,,,,,,,,,TRACKING,,,,,,,,,,,,,,,,,
,,PM,5,TIGER LG그룹플러스,,AI/소프트웨어,86.0,,,,,,,,,,,TRACKING,,,,,,,,,,,,,,,,,
,,PM,6,1Q K반도체TOP2+,,반도체/전자부품,70.0,,,,,,,,,,,TRACKING,,,,,,,,,,,,,,,,,
,,PM,7,SK네트웍스,,도매,69.0,,,,,,,,,,,TRACKING,,,,,,,,,,,,,,,,,
,,PM,8,진양화학,,고무/플라스틱,69.0,,,,,,,,,,,TRACKING,,,,,,,,,,,,,,,,,
,,PM,9,M83,,미디어/콘텐츠,66.0,,,,,,,,,,,TRACKING,,,,,,,,,,,,,,,,,
,,PM,10,후성,,화학,65.0,,,,,,,,,,,TRACKING,,,,,,,,,,,,,,,,,
,,PM,11,TIGER 배당커버드콜액티브,,AI/소프트웨어,57.0,,,,,,,,,,,TRACKING,,,,,,,,,,,,,,,,,
,,PM,12,KODEX 미국S&P500,,AI/소프트웨어,54.0,,,,,,,,,,,TRACKING,,,,,,,,,,,,,,,,,
,,PM,13,TIGER 미국S&P500,,AI/소프트웨어,54.0,,,,,,,,,,,TRACKING,,,,,,,,,,,,,,,,,
,,PM,14,LG디스플레이,,반도체/전자부품,59.0,,,,,,,,,,,TRACKING,,,,,,,,,,,,,,,,,
,,PM,15,SOL AI반도체소부장,,반도체,50.0,,,,,,,,,,,TRACKING,,,,,,,,,,,,,,,,,
2026-06-04_PM_1_컴퍼니케이,2026-06-04,PM,1,컴퍼니케이,,금융,99.0,"9,530","9,530",2026-06-05 03:23:08,1.0,0.00%,0.00%,,,0.00%,0.00%,tracking_updated,,,,,,,,,,,,,,,,,
2026-06-04_PM_2_TIGER 미국배당다우존스,2026-06-04,PM,2,TIGER 미국배당다우존스,,AI/소프트웨어,84.0,"15,650","15,585",2026-06-11 03:38:05,7.0,-0.42%,1.47%,1.47%,0.13%,1.47%,-0.89%,complete_5d,,,,,,,,,,,,,,,,,
2026-06-04_PM_3_RISE AI&로봇,2026-06-04,PM,3,RISE AI&로봇,,AI/소프트웨어,89.0,"16,635","16,635",2026-06-05 03:23:08,1.0,0.00%,0.00%,,,0.00%,0.00%,tracking_updated,,,,,,,,,,,,,,,,,
2026-06-04_PM_4_TIGER LG그룹플러스,2026-06-04,PM,4,TIGER LG그룹플러스,,AI/소프트웨어,85.0,"15,800","15,140",2026-06-07 04:37:24,3.0,-4.18%,0.00%,-4.18%,,0.00%,-7.56%,tracking_updated,,,,,,,,,,,,,,,,,
2026-06-04_PM_5_샘씨엔에스,2026-06-04,PM,5,샘씨엔에스,,반도체/전자부품,76.0,"13,850","14,420",2026-06-12 04:12:51,8.0,4.12%,0.00%,-2.17%,-2.17%,4.12%,-2.17%,complete_5d,,,,,,,,,,,,,,,,,
2026-06-04_PM_6_TIGER 2차전지TOP10,2026-06-04,PM,6,TIGER 2차전지TOP10,,AI/소프트웨어,68.0,"12,325","12,325",2026-06-05 03:23:08,1.0,0.00%,0.00%,,,0.00%,0.00%,tracking_updated,,,,,,,,,,,,,,,,,
2026-06-04_PM_7_SOL 반도체전공정,2026-06-04,PM,7,SOL 반도체전공정,,반도체,75.0,"26,470","27,735",2026-06-12 04:12:51,8.0,4.78%,0.00%,-7.56%,-7.56%,4.78%,-7.56%,complete_5d,,,,,,,,,,,,,,,,,
2026-06-04_PM_8_KODEX 2차전지산업,2026-06-04,PM,8,KODEX 2차전지산업,,AI/소프트웨어,67.0,"18,830","18,830",2026-06-05 03:23:08,1.0,0.00%,0.00%,,,0.00%,0.00%,tracking_updated,,,,,,,,,,,,,,,,,
2026-06-04_PM_9_LG헬로비전,2026-06-04,PM,9,LG헬로비전,,미디어/콘텐츠,78.0,"2,740","2,365",2026-06-10 02:57:04,6.0,-13.69%,0.00%,-7.85%,-14.05%,0.00%,-14.05%,complete_5d,,,,,,,,,,,,,,,,,
2026-06-04_PM_10_LG디스플레이,2026-06-04,PM,10,LG디스플레이,,반도체/전자부품,69.0,"16,120","14,480",2026-06-08 12:15:17,4.0,-10.17%,0.00%,-10.17%,,0.00%,-10.17%,tracking_updated,,,,,,,,,,,,,,,,,
2026-06-04_PM_11_KODEX 미국S&P500,2026-06-04,PM,11,KODEX 미국S&P500,,AI/소프트웨어,59.0,"26,065","25,245",2026-06-12 04:12:51,8.0,-3.15%,0.00%,0.82%,-1.42%,1.38%,-3.15%,complete_5d,,,,,,,,,,,,,,,,,
2026-06-04_PM_12_KODEX 200타겟위클리커버드콜,2026-06-04,PM,12,KODEX 200타겟위클리커버드콜,,AI/소프트웨어,59.0,"27,310","24,550",2026-06-12 04:12:51,8.0,-10.11%,0.00%,-5.55%,-13.60%,0.00%,-13.60%,complete_5d,,,,,,,,,,,,,,,,,
2026-06-04_PM_13_TIGER 미국S&P500,2026-06-04,PM,13,TIGER 미국S&P500,,AI/소프트웨어,57.0,"28,600","27,695",2026-06-12 04:12:51,8.0,-3.16%,0.00%,0.86%,-1.50%,1.35%,-3.16%,complete_5d,,,,,,,,,,,,,,,,,
2026-06-04_PM_14_TIGER 배당커버드콜액티브,2026-06-04,PM,14,TIGER 배당커버드콜액티브,,AI/소프트웨어,57.0,"26,950","24,180",2026-06-11 03:38:05,7.0,-10.28%,0.00%,-5.23%,-13.49%,0.00%,-13.49%,complete_5d,,,,,,,,,,,,,,,,,
2026-06-04_PM_15_원텍,2026-06-04,PM,15,원텍,,의료기기/정밀기기,71.0,"8,490","8,490",2026-06-05 03:23:08,1.0,0.00%,0.00%,,,0.00%,0.00%,tracking_updated,,,,,,,,,,,,,,,,,
2026-06-05_AM_1_컴퍼니케이,2026-06-05,AM,1,컴퍼니케이,,금융,99.0,"9,530","9,530",2026-06-05 03:23:08,0.0,0.00%,,,,0.00%,0.00%,tracking,,,,,,,,,,,,,,,,,
2026-06-05_AM_2_RISE AI&로봇,2026-06-05,AM,2,RISE AI&로봇,,AI/소프트웨어,89.0,"16,635","16,635",2026-06-05 03:23:08,0.0,0.00%,,,,0.00%,0.00%,tracking,,,,,,,,,,,,,,,,,
2026-06-05_AM_3_TIGER LG그룹플러스,2026-06-05,AM,3,TIGER LG그룹플러스,,AI/소프트웨어,85.0,"15,800","15,140",2026-06-07 04:37:24,2.0,-4.18%,-4.18%,,,0.00%,-7.56%,tracking_updated,,,,,,,,,,,,,,,,,
2026-06-05_AM_4_샘씨엔에스,2026-06-05,AM,4,샘씨엔에스,,반도체/전자부품,76.0,"13,850","14,420",2026-06-12 04:12:51,7.0,4.12%,-2.17%,-2.17%,-2.09%,4.12%,-2.17%,complete_5d,,,,,,,,,,,,,,,,,
2026-06-05_AM_5_TIGER 2차전지TOP10,2026-06-05,AM,5,TIGER 2차전지TOP10,,AI/소프트웨어,68.0,"12,325","12,325",2026-06-05 03:23:08,0.0,0.00%,,,,0.00%,0.00%,tracking,,,,,,,,,,,,,,,,,
2026-06-05_AM_6_SOL 반도체전공정,2026-06-05,AM,6,SOL 반도체전공정,,반도체,75.0,"26,470","27,735",2026-06-12 04:12:51,7.0,4.78%,-7.56%,-7.56%,-7.56%,4.78%,-7.56%,complete_5d,,,,,,,,,,,,,,,,,
2026-06-05_AM_7_KODEX 2차전지산업,2026-06-05,AM,7,KODEX 2차전지산업,,AI/소프트웨어,67.0,"18,830","18,830",2026-06-05 03:23:08,0.0,0.00%,,,,0.00%,0.00%,tracking,,,,,,,,,,,,,,,,,
2026-06-05_AM_8_LG헬로비전,2026-06-05,AM,8,LG헬로비전,,미디어/콘텐츠,78.0,"2,740","2,365",2026-06-10 02:57:04,5.0,-13.69%,-7.85%,-14.05%,-13.69%,0.00%,-14.05%,complete_5d,,,,,,,,,,,,,,,,,
2026-06-05_AM_9_LG디스플레이,2026-06-05,AM,9,LG디스플레이,,반도체/전자부품,69.0,"16,120","14,480",2026-06-08 12:15:17,3.0,-10.17%,-10.17%,-10.17%,,0.00%,-10.17%,tracking_updated,,,,,,,,,,,,,,,,,
2026-06-05_AM_10_KODEX 미국S&P500,2026-06-05,AM,10,KODEX 미국S&P500,,AI/소프트웨어,59.0,"26,065","25,245",2026-06-12 04:12:51,7.0,-3.15%,0.82%,-0.77%,-2.51%,1.38%,-3.15%,complete_5d,,,,,,,,,,,,,,,,,
2026-06-05_AM_11_KODEX 200타겟위클리커버드콜,2026-06-05,AM,11,KODEX 200타겟위클리커버드콜,,AI/소프트웨어,59.0,"27,310","24,550",2026-06-12 04:12:51,7.0,-10.11%,-5.55%,-13.26%,-6.55%,0.00%,-13.60%,complete_5d,,,,,,,,,,,,,,,,,
2026-06-05_AM_12_TIGER 미국S&P500,2026-06-05,AM,12,TIGER 미국S&P500,,AI/소프트웨어,57.0,"28,600","27,695",2026-06-12 04:12:51,7.0,-3.16%,0.86%,-0.75%,-2.53%,1.35%,-3.16%,complete_5d,,,,,,,,,,,,,,,,,
2026-06-05_AM_13_TIGER 배당커버드콜액티브,2026-06-05,AM,13,TIGER 배당커버드콜액티브,,AI/소프트웨어,57.0,"26,950","24,180",2026-06-11 03:38:05,6.0,-10.28%,-5.23%,-12.54%,-5.77%,0.00%,-13.49%,complete_5d,,,,,,,,,,,,,,,,,
2026-06-05_AM_14_원텍,2026-06-05,AM,14,원텍,,의료기기/정밀기기,71.0,"8,490","8,490",2026-06-05 03:23:08,0.0,0.00%,,,,0.00%,0.00%,tracking,,,,,,,,,,,,,,,,,
2026-06-05_AM_15_SK네트웍스,2026-06-05,AM,15,SK네트웍스,,도매,52.0,"13,010","12,950",2026-06-11 03:38:05,6.0,-0.46%,-16.22%,0.31%,-0.46%,8.92%,-16.22%,complete_5d,,,,,,,,,,,,,,,,,
2026-06-05_AM_1_ACE 미국우주테크액티브,2026-06-05,AM,1,ACE 미국우주테크액티브,,금융,97.0,"25,500","27,950",2026-06-12 04:12:51,7.0,9.61%,1.76%,-2.55%,-0.78%,9.61%,-2.75%,complete_5d,,,,,,,,,,,,,,,,,
2026-06-05_AM_2_KODEX 삼성전자채권혼합,2026-06-05,AM,2,KODEX 삼성전자채권혼합,,AI/소프트웨어,82.0,"18,230","17,650",2026-06-08 10:59:29,3.0,-3.18%,-3.18%,-3.18%,,0.27%,-3.18%,tracking_updated,,,,,,,,,,,,,,,,,
2026-06-05_AM_3_TIGER 은행고배당플러스TOP10,2026-06-05,AM,3,TIGER 은행고배당플러스TOP10,,AI/소프트웨어,79.0,"26,075","26,175",2026-06-05 11:49:52,0.0,0.38%,,,,0.38%,0.00%,tracking,,,,,,,,,,,,,,,,,
2026-06-05_AM_4_TIGER LG그룹플러스,2026-06-05,AM,4,TIGER LG그룹플러스,,AI/소프트웨어,85.0,"14,605","15,140",2026-06-07 04:37:24,2.0,3.66%,3.66%,,,3.66%,0.00%,tracking_updated,,,,,,,,,,,,,,,,,
2026-06-05_AM_5_KODEX 은행,2026-06-05,AM,5,KODEX 은행,,AI/소프트웨어,77.0,"15,610","15,260",2026-06-09 14:35:19,4.0,-2.24%,-6.50%,-6.50%,,0.00%,-6.50%,tracking_updated,,,,,,,,,,,,,,,,,
2026-06-05_AM_6_라이콤,2026-06-05,AM,6,라이콤,,반도체/전자부품,80.0,"5,500","8,790",2026-06-12 04:12:51,7.0,59.82%,7.45%,34.91%,59.82%,59.82%,0.00%,complete_5d,,,,,,,,,,,,,,,,,
2026-06-05_AM_7_KODEX 200타겟위클리커버드콜,2026-06-05,AM,7,KODEX 200타겟위클리커버드콜,,AI/소프트웨어,65.0,"25,375","24,550",2026-06-12 04:12:51,7.0,-3.25%,1.66%,-6.64%,0.57%,3.43%,-7.01%,complete_5d,,,,,,,,,,,,,,,,,
2026-06-05_AM_8_TIGER 배당커버드콜액티브,2026-06-05,AM,8,TIGER 배당커버드콜액티브,,AI/소프트웨어,64.0,"25,170","24,180",2026-06-11 03:38:05,6.0,-3.93%,1.47%,-6.36%,0.89%,3.32%,-7.37%,complete_5d,,,,,,,,,,,,,,,,,
2026-06-05_AM_9_SK네트웍스,2026-06-05,AM,9,SK네트웍스,,도매,69.0,"11,050","12,950",2026-06-11 03:38:05,6.0,17.19%,-1.36%,18.10%,17.19%,28.24%,-1.36%,complete_5d,,,,,,,,,,,,,,,,,
2026-06-05_AM_10_진양화학,2026-06-05,AM,10,진양화학,,고무/플라스틱,69.0,"2,380","2,255",2026-06-05 11:49:52,0.0,-5.25%,,,,0.00%,-5.25%,tracking,,,,,,,,,,,,,,,,,
2026-06-05_AM_11_후성,2026-06-05,AM,11,후성,,화학,63.0,"11,510","15,770",2026-06-12 04:12:51,7.0,37.01%,1.04%,16.16%,17.46%,41.09%,0.00%,complete_5d,,,,,,,,,,,,,,,,,
2026-06-05_AM_12_RISE 200위클리커버드콜,2026-06-05,AM,12,RISE 200위클리커버드콜,,AI/소프트웨어,55.0,"15,255","14,200",2026-06-09 03:47:29,4.0,-6.92%,-6.23%,-6.23%,,0.00%,-6.92%,tracking_updated,,,,,,,,,,,,,,,,,
2026-06-05_AM_13_KODEX 미국S&P500,2026-06-05,AM,13,KODEX 미국S&P500,,AI/소프트웨어,54.0,"26,377","25,245",2026-06-12 04:12:51,7.0,-4.29%,-0.37%,-1.94%,-3.67%,0.18%,-4.29%,complete_5d,,,,,,,,,,,,,,,,,
2026-06-05_AM_14_TIGER 미국S&P500,2026-06-05,AM,14,TIGER 미국S&P500,,AI/소프트웨어,54.0,"28,940","27,695",2026-06-12 04:12:51,7.0,-4.30%,-0.33%,-1.92%,-3.68%,0.16%,-4.30%,complete_5d,,,,,,,,,,,,,,,,,
2026-06-05_AM_15_LG디스플레이,2026-06-05,AM,15,LG디스플레이,,반도체/전자부품,59.0,"14,850","14,480",2026-06-08 12:15:17,3.0,-2.49%,-2.49%,-2.49%,,3.64%,-2.49%,tracking_updated,,,,,,,,,,,,,,,,,
2026-06-05_AM_2_KODEX 200타겟위클리커버드콜,2026-06-05,AM,2,KODEX 200타겟위클리커버드콜,,AI/소프트웨어,83.0,"26,245","24,550",2026-06-12 04:12:51,7.0,-6.46%,-1.71%,-9.74%,-2.76%,0.00%,-10.10%,complete_5d,,,,,,,,,,,,,,,,,
2026-06-05_AM_3_KODEX 삼성전자채권혼합,2026-06-05,AM,3,KODEX 삼성전자채권혼합,,AI/소프트웨어,83.0,"18,280","17,650",2026-06-08 10:59:29,3.0,-3.45%,-3.45%,-3.45%,,0.00%,-3.45%,tracking_updated,,,,,,,,,,,,,,,,,
2026-06-05_AM_4_TIGER 은행고배당플러스TOP10,2026-06-05,AM,4,TIGER 은행고배당플러스TOP10,,AI/소프트웨어,81.0,"26,175","26,175",2026-06-05 11:49:52,0.0,0.00%,,,,0.00%,0.00%,tracking,,,,,,,,,,,,,,,,,
2026-06-05_AM_5_TIGER LG그룹플러스,2026-06-05,AM,5,TIGER LG그룹플러스,,AI/소프트웨어,86.0,"15,080","15,140",2026-06-07 04:37:24,2.0,0.40%,0.40%,,,0.40%,0.00%,tracking_updated,,,,,,,,,,,,,,,,,
2026-06-05_AM_6_1Q K반도체TOP2+,2026-06-05,AM,6,1Q K반도체TOP2+,,반도체/전자부품,70.0,"118,300","118,300",2026-06-05 11:49:52,0.0,0.00%,,,,0.00%,0.00%,tracking,,,,,,,,,,,,,,,,,
2026-06-05_AM_7_SK네트웍스,2026-06-05,AM,7,SK네트웍스,,도매,69.0,"11,130","12,950",2026-06-11 03:38:05,6.0,16.35%,-2.07%,17.25%,16.35%,27.31%,-2.07%,complete_5d,,,,,,,,,,,,,,,,,
2026-06-05_AM_8_진양화학,2026-06-05,AM,8,진양화학,,고무/플라스틱,69.0,"2,255","2,255",2026-06-05 11:49:52,0.0,0.00%,,,,0.00%,0.00%,tracking,,,,,,,,,,,,,,,,,
2026-06-05_AM_9_M83,2026-06-05,AM,9,M83,,미디어/콘텐츠,66.0,"7,170","7,170",2026-06-05 11:49:52,0.0,0.00%,,,,0.00%,0.00%,tracking,,,,,,,,,,,,,,,,,
2026-06-05_AM_10_후성,2026-06-05,AM,10,후성,,화학,65.0,"11,540","15,770",2026-06-12 04:12:51,7.0,36.66%,0.78%,15.86%,17.16%,40.73%,0.00%,complete_5d,,,,,,,,,,,,,,,,,
2026-06-05_AM_11_TIGER 배당커버드콜액티브,2026-06-05,AM,11,TIGER 배당커버드콜액티브,,AI/소프트웨어,57.0,"26,005","24,180",2026-06-11 03:38:05,6.0,-7.02%,-1.79%,-9.36%,-2.35%,0.00%,-10.34%,complete_5d,,,,,,,,,,,,,,,,,
2026-06-05_AM_12_KODEX 미국S&P500,2026-06-05,AM,12,KODEX 미국S&P500,,AI/소프트웨어,54.0,"26,425","25,245",2026-06-12 04:12:51,7.0,-4.47%,-0.55%,-2.12%,-3.84%,0.00%,-4.47%,complete_5d,,,,,,,,,,,,,,,,,
2026-06-05_AM_13_TIGER 미국S&P500,2026-06-05,AM,13,TIGER 미국S&P500,,AI/소프트웨어,54.0,"28,985","27,695",2026-06-12 04:12:51,7.0,-4.45%,-0.48%,-2.07%,-3.83%,0.00%,-4.45%,complete_5d,,,,,,,,,,,,,,,,,
2026-06-05_AM_14_LG디스플레이,2026-06-05,AM,14,LG디스플레이,,반도체/전자부품,59.0,"15,390","14,480",2026-06-08 12:15:17,3.0,-5.91%,-5.91%,-5.91%,,0.00%,-5.91%,tracking_updated,,,,,,,,,,,,,,,,,
2026-06-05_AM_15_SOL AI반도체소부장,2026-06-05,AM,15,SOL AI반도체소부장,,반도체,50.0,"30,240","29,440",2026-06-07 04:37:24,2.0,-2.65%,-2.65%,,,0.00%,-2.65%,tracking_updated,,,,,,,,,,,,,,,,,
2026-06-05_PM_1_ACE 미국우주테크액티브,2026-06-05,PM,1,ACE 미국우주테크액티브,,금융,99.0,"25,950","27,950",2026-06-12 04:12:51,7.0,7.71%,0.00%,-4.24%,-2.50%,7.71%,-4.43%,complete_5d,,,,,,,,,,,,,,,,,
2026-06-05_PM_2_KODEX 200타겟위클리커버드콜,2026-06-05,PM,2,KODEX 200타겟위클리커버드콜,,AI/소프트웨어,86.0,"25,795","24,550",2026-06-12 04:12:51,7.0,-4.83%,0.00%,-8.16%,-1.07%,0.00%,-8.53%,complete_5d,,,,,,,,,,,,,,,,,
2026-06-05_PM_3_LG헬로비전,2026-06-05,PM,3,LG헬로비전,,미디어/콘텐츠,98.0,"2,525","2,365",2026-06-10 02:57:04,5.0,-6.34%,0.00%,-6.73%,-6.34%,0.00%,-6.73%,complete_5d,,,,,,,,,,,,,,,,,
2026-06-05_PM_4_TIGER LG그룹플러스,2026-06-05,PM,4,TIGER LG그룹플러스,,AI/소프트웨어,90.0,"15,140","15,140",2026-06-07 04:37:24,2.0,0.00%,0.00%,,,0.00%,0.00%,tracking_updated,,,,,,,,,,,,,,,,,
2026-06-05_PM_5_코칩,2026-06-05,PM,5,코칩,,반도체/전자부품,85.0,"23,500","23,500",2026-06-07 04:37:24,2.0,0.00%,0.00%,,,0.00%,0.00%,tracking_updated,,,,,,,,,,,,,,,,,
2026-06-05_PM_6_라이콤,2026-06-05,PM,6,라이콤,,반도체/전자부품,80.0,"5,910","8,790",2026-06-12 04:12:51,7.0,48.73%,0.00%,25.55%,48.73%,48.73%,0.00%,complete_5d,,,,,,,,,,,,,,,,,
2026-06-05_PM_7_아바텍,2026-06-05,PM,7,아바텍,,반도체/전자부품,75.0,"16,150","16,150",2026-06-07 04:37:24,2.0,0.00%,0.00%,,,0.00%,0.00%,tracking_updated,,,,,,,,,,,,,,,,,
2026-06-05_PM_8_TIGER 배당커버드콜액티브,2026-06-05,PM,8,TIGER 배당커버드콜액티브,,AI/소프트웨어,67.0,"25,540","24,180",2026-06-11 03:38:05,6.0,-5.32%,0.00%,-7.71%,-0.57%,0.00%,-8.71%,complete_5d,,,,,,,,,,,,,,,,,
2026-06-05_PM_9_SK네트웍스,2026-06-05,PM,9,SK네트웍스,,도매,71.0,"10,900","12,950",2026-06-11 03:38:05,6.0,18.81%,0.00%,19.72%,18.81%,30.00%,0.00%,complete_5d,,,,,,,,,,,,,,,,,
2026-06-05_PM_10_미래에셋생명,2026-06-05,PM,10,미래에셋생명,,보험,77.0,"18,590","19,200",2026-06-08 12:15:17,3.0,3.28%,0.00%,6.89%,,6.89%,0.00%,tracking_updated,,,,,,,,,,,,,,,,,
2026-06-05_PM_11_후성,2026-06-05,PM,11,후성,,화학,69.0,"11,630","15,770",2026-06-12 04:12:51,7.0,35.60%,0.00%,14.96%,16.25%,39.64%,0.00%,complete_5d,,,,,,,,,,,,,,,,,
2026-06-05_PM_12_TIGER 미국배당다우존스,2026-06-05,PM,12,TIGER 미국배당다우존스,,AI/소프트웨어,60.0,"15,880","15,585",2026-06-11 03:38:05,6.0,-1.86%,0.00%,-0.72%,-2.33%,0.00%,-2.33%,complete_5d,,,,,,,,,,,,,,,,,
2026-06-05_PM_13_KODEX 미국S&P500,2026-06-05,PM,13,KODEX 미국S&P500,,AI/소프트웨어,58.0,"26,280","25,245",2026-06-12 04:12:51,7.0,-3.94%,0.00%,-1.58%,-3.31%,0.00%,-3.94%,complete_5d,,,,,,,,,,,,,,,,,
2026-06-05_PM_14_TIGER 미국S&P500,2026-06-05,PM,14,TIGER 미국S&P500,,AI/소프트웨어,57.0,"28,845","27,695",2026-06-12 04:12:51,7.0,-3.99%,0.00%,-1.59%,-3.36%,0.00%,-3.99%,complete_5d,,,,,,,,,,,,,,,,,
2026-06-05_PM_15_SOL AI반도체소부장,2026-06-05,PM,15,SOL AI반도체소부장,,반도체,54.0,"29,440","29,440",2026-06-07 04:37:24,2.0,0.00%,0.00%,,,0.00%,0.00%,tracking_updated,,,,,,,,,,,,,,,,,
2026-06-06_AM_1_ACE 미국우주테크액티브,2026-06-06,AM,1,ACE 미국우주테크액티브,,금융,99.0,"25,950","27,950",2026-06-12 04:12:51,6.0,7.71%,0.00%,-1.16%,-2.50%,7.71%,-4.43%,complete_5d,,,,,,,,,,,,,,,,,
2026-06-06_AM_2_KODEX 200타겟위클리커버드콜,2026-06-06,AM,2,KODEX 200타겟위클리커버드콜,,AI/소프트웨어,86.0,"25,795","24,550",2026-06-12 04:12:51,6.0,-4.83%,0.00%,-8.53%,-5.62%,0.00%,-8.53%,complete_5d,,,,,,,,,,,,,,,,,
2026-06-06_AM_3_LG헬로비전,2026-06-06,AM,3,LG헬로비전,,미디어/콘텐츠,98.0,"2,525","2,365",2026-06-10 02:57:04,4.0,-6.34%,0.00%,-6.73%,,0.00%,-6.73%,tracking_updated,,,,,,,,,,,,,,,,,
2026-06-06_AM_4_TIGER LG그룹플러스,2026-06-06,AM,4,TIGER LG그룹플러스,,AI/소프트웨어,90.0,"15,140","15,140",2026-06-07 04:37:24,1.0,0.00%,0.00%,,,0.00%,0.00%,tracking_updated,,,,,,,,,,,,,,,,,
2026-06-06_AM_5_코칩,2026-06-06,AM,5,코칩,,반도체/전자부품,85.0,"23,500","23,500",2026-06-07 04:37:24,1.0,0.00%,0.00%,,,0.00%,0.00%,tracking_updated,,,,,,,,,,,,,,,,,
2026-06-06_AM_6_라이콤,2026-06-06,AM,6,라이콤,,반도체/전자부품,80.0,"5,910","8,790",2026-06-12 04:12:51,6.0,48.73%,0.00%,14.21%,48.73%,48.73%,0.00%,complete_5d,,,,,,,,,,,,,,,,,
2026-06-06_AM_7_아바텍,2026-06-06,AM,7,아바텍,,반도체/전자부품,75.0,"16,150","16,150",2026-06-07 04:37:24,1.0,0.00%,0.00%,,,0.00%,0.00%,tracking_updated,,,,,,,,,,,,,,,,,
2026-06-06_AM_8_TIGER 배당커버드콜액티브,2026-06-06,AM,8,TIGER 배당커버드콜액티브,,AI/소프트웨어,67.0,"25,540","24,180",2026-06-11 03:38:05,5.0,-5.32%,0.00%,-8.71%,-5.32%,0.00%,-8.71%,complete_5d,,,,,,,,,,,,,,,,,
2026-06-06_AM_9_SK네트웍스,2026-06-06,AM,9,SK네트웍스,,도매,71.0,"10,900","12,950",2026-06-11 03:38:05,5.0,18.81%,0.00%,30.00%,18.81%,30.00%,0.00%,complete_5d,,,,,,,,,,,,,,,,,
2026-06-06_AM_10_미래에셋생명,2026-06-06,AM,10,미래에셋생명,,보험,77.0,"18,590","19,200",2026-06-08 12:15:17,2.0,3.28%,0.00%,,,6.89%,0.00%,tracking_updated,,,,,,,,,,,,,,,,,
2026-06-06_AM_11_후성,2026-06-06,AM,11,후성,,화학,69.0,"11,630","15,770",2026-06-12 04:12:51,6.0,35.60%,0.00%,14.96%,39.64%,39.64%,0.00%,complete_5d,,,,,,,,,,,,,,,,,
2026-06-06_AM_12_TIGER 미국배당다우존스,2026-06-06,AM,12,TIGER 미국배당다우존스,,AI/소프트웨어,60.0,"15,880","15,585",2026-06-11 03:38:05,5.0,-1.86%,0.00%,-1.32%,-1.86%,0.00%,-2.33%,complete_5d,,,,,,,,,,,,,,,,,
2026-06-06_AM_13_KODEX 미국S&P500,2026-06-06,AM,13,KODEX 미국S&P500,,AI/소프트웨어,58.0,"26,280","25,245",2026-06-12 04:12:51,6.0,-3.94%,0.00%,-2.23%,-3.33%,0.00%,-3.94%,complete_5d,,,,,,,,,,,,,,,,,
2026-06-06_AM_14_TIGER 미국S&P500,2026-06-06,AM,14,TIGER 미국S&P500,,AI/소프트웨어,57.0,"28,845","27,695",2026-06-12 04:12:51,6.0,-3.99%,0.00%,-2.34%,-3.36%,0.00%,-3.99%,complete_5d,,,,,,,,,,,,,,,,,
2026-06-06_AM_15_SOL AI반도체소부장,2026-06-06,AM,15,SOL AI반도체소부장,,반도체,54.0,"29,440","29,440",2026-06-07 04:37:24,1.0,0.00%,0.00%,,,0.00%,0.00%,tracking_updated,,,,,,,,,,,,,,,,,
2026-06-07_AM_1_ACE 미국우주테크액티브,2026-06-07,AM,1,ACE 미국우주테크액티브,,금융,99.0,"25,950","27,950",2026-06-12 04:12:51,5.0,7.71%,-4.24%,-2.50%,7.71%,7.71%,-4.43%,complete_5d,,,,,,,,,,,,,,,,,
2026-06-07_AM_2_KODEX 200타겟위클리커버드콜,2026-06-07,AM,2,KODEX 200타겟위클리커버드콜,,AI/소프트웨어,86.0,"25,795","24,550",2026-06-12 04:12:51,5.0,-4.83%,-8.16%,-1.07%,-4.83%,0.00%,-8.53%,complete_5d,,,,,,,,,,,,,,,,,
2026-06-07_AM_3_LG헬로비전,2026-06-07,AM,3,LG헬로비전,,미디어/콘텐츠,98.0,"2,525","2,365",2026-06-10 02:57:04,3.0,-6.34%,-6.73%,-6.34%,,0.00%,-6.73%,tracking_updated,,,,,,,,,,,,,,,,,
2026-06-07_AM_4_TIGER LG그룹플러스,2026-06-07,AM,4,TIGER LG그룹플러스,,AI/소프트웨어,90.0,"15,140","15,140",2026-06-07 04:37:24,0.0,0.00%,,,,0.00%,0.00%,tracking,,,,,,,,,,,,,,,,,
2026-06-07_AM_5_코칩,2026-06-07,AM,5,코칩,,반도체/전자부품,85.0,"23,500","23,500",2026-06-07 04:37:24,0.0,0.00%,,,,0.00%,0.00%,tracking,,,,,,,,,,,,,,,,,
2026-06-07_AM_6_라이콤,2026-06-07,AM,6,라이콤,,반도체/전자부품,80.0,"5,910","8,790",2026-06-12 04:12:51,5.0,48.73%,25.55%,48.73%,48.73%,48.73%,0.00%,complete_5d,,,,,,,,,,,,,,,,,
2026-06-07_AM_7_아바텍,2026-06-07,AM,7,아바텍,,반도체/전자부품,75.0,"16,150","16,150",2026-06-07 04:37:24,0.0,0.00%,,,,0.00%,0.00%,tracking,,,,,,,,,,,,,,,,,
2026-06-07_AM_8_TIGER 배당커버드콜액티브,2026-06-07,AM,8,TIGER 배당커버드콜액티브,,AI/소프트웨어,67.0,"25,540","24,180",2026-06-11 03:38:05,4.0,-5.32%,-7.71%,-0.57%,,0.00%,-8.71%,tracking_updated,,,,,,,,,,,,,,,,,
2026-06-07_AM_9_SK네트웍스,2026-06-07,AM,9,SK네트웍스,,도매,71.0,"10,900","12,950",2026-06-11 03:38:05,4.0,18.81%,19.72%,18.81%,,30.00%,0.00%,tracking_updated,,,,,,,,,,,,,,,,,
2026-06-07_AM_10_미래에셋생명,2026-06-07,AM,10,미래에셋생명,,보험,77.0,"18,590","19,200",2026-06-08 12:15:17,1.0,3.28%,6.89%,,,6.89%,0.00%,tracking_updated,,,,,,,,,,,,,,,,,
2026-06-07_AM_11_후성,2026-06-07,AM,11,후성,,화학,69.0,"11,630","15,770",2026-06-12 04:12:51,5.0,35.60%,14.96%,16.25%,35.60%,39.64%,0.00%,complete_5d,,,,,,,,,,,,,,,,,
2026-06-07_AM_12_TIGER 미국배당다우존스,2026-06-07,AM,12,TIGER 미국배당다우존스,,AI/소프트웨어,60.0,"15,880","15,585",2026-06-11 03:38:05,4.0,-1.86%,-0.72%,-2.33%,,0.00%,-2.33%,tracking_updated,,,,,,,,,,,,,,,,,
2026-06-07_AM_13_KODEX 미국S&P500,2026-06-07,AM,13,KODEX 미국S&P500,,AI/소프트웨어,58.0,"26,280","25,245",2026-06-12 04:12:51,5.0,-3.94%,-1.58%,-3.31%,-3.94%,0.00%,-3.94%,complete_5d,,,,,,,,,,,,,,,,,
2026-06-07_AM_14_TIGER 미국S&P500,2026-06-07,AM,14,TIGER 미국S&P500,,AI/소프트웨어,57.0,"28,845","27,695",2026-06-12 04:12:51,5.0,-3.99%,-1.59%,-3.36%,-3.99%,0.00%,-3.99%,complete_5d,,,,,,,,,,,,,,,,,
2026-06-07_AM_15_SOL AI반도체소부장,2026-06-07,AM,15,SOL AI반도체소부장,,반도체,54.0,"29,440","29,440",2026-06-07 04:37:24,0.0,0.00%,,,,0.00%,0.00%,tracking,,,,,,,,,,,,,,,,,
2026-06-08_AM_1_제주은행,2026-06-08,AM,1,제주은행,,AI/소프트웨어,90.0,"12,340","12,270",2026-06-12 04:12:51,4.0,-0.57%,3.32%,3.32%,,3.32%,-0.57%,tracking_updated,,,,,,,,,,,,,,,,,
2026-06-08_AM_2_TIGER 미국배당다우존스,2026-06-08,AM,2,TIGER 미국배당다우존스,,AI/소프트웨어,81.0,"15,765","15,585",2026-06-11 03:38:05,3.0,-1.14%,-0.60%,-1.14%,,0.16%,-1.62%,tracking_updated,,,,,,,,,,,,,,,,,
2026-06-08_AM_3_ACE 미국우주테크액티브,2026-06-08,AM,3,ACE 미국우주테크액티브,,AI/소프트웨어,76.0,"24,850","27,950",2026-06-12 04:12:51,4.0,12.47%,3.22%,1.81%,,12.47%,-0.20%,tracking_updated,,,,,,,,,,,,,,,,,
2026-06-08_AM_4_라이콤,2026-06-08,AM,4,라이콤,,AI/소프트웨어,82.0,"7,420","8,790",2026-06-12 04:12:51,4.0,18.46%,-9.03%,18.46%,,18.46%,-9.70%,tracking_updated,,,,,,,,,,,,,,,,,
2026-06-08_AM_5_디아이씨,2026-06-08,AM,5,디아이씨,,AI/소프트웨어,77.0,"9,940","10,110",2026-06-09 03:47:29,1.0,1.71%,1.71%,,,1.71%,0.00%,tracking_updated,,,,,,,,,,,,,,,,,
2026-06-08_AM_6_RISE 200위클리커버드콜,2026-06-08,AM,6,RISE 200위클리커버드콜,,AI/소프트웨어,68.0,"14,305","14,200",2026-06-09 03:47:29,1.0,-0.73%,-0.73%,,,3.60%,-0.73%,tracking_updated,,,,,,,,,,,,,,,,,
2026-06-08_AM_7_KODEX 200미국채혼합,2026-06-08,AM,7,KODEX 200미국채혼합,,AI/소프트웨어,66.0,"23,325","23,685",2026-06-08 12:15:17,0.0,1.54%,,,,1.54%,0.00%,tracking,,,,,,,,,,,,,,,,,
2026-06-08_AM_8_미래에셋생명,2026-06-08,AM,8,미래에셋생명,,AI/소프트웨어,75.0,"19,870","19,200",2026-06-08 12:15:17,0.0,-3.37%,,,,0.00%,-3.37%,tracking,,,,,,,,,,,,,,,,,
2026-06-08_AM_9_SK네트웍스,2026-06-08,AM,9,SK네트웍스,,AI/소프트웨어,65.0,"13,050","12,950",2026-06-11 03:38:05,3.0,-0.77%,8.58%,-0.77%,,8.58%,-0.77%,tracking_updated,,,,,,,,,,,,,,,,,
2026-06-08_AM_10_TIGER 미국나스닥100타겟데일리커버드콜,2026-06-08,AM,10,TIGER 미국나스닥100타겟데일리커버드콜,,AI/소프트웨어,64.0,"12,040","11,980",2026-06-09 03:47:29,1.0,-0.50%,-0.50%,,,0.42%,-0.50%,tracking_updated,,,,,,,,,,,,,,,,,
2026-06-08_AM_11_KODEX 200타겟위클리커버드콜,2026-06-08,AM,11,KODEX 200타겟위클리커버드콜,,AI/소프트웨어,55.0,"23,690","24,550",2026-06-12 04:12:51,4.0,3.63%,-0.40%,2.76%,,7.72%,-0.40%,tracking_updated,,,,,,,,,,,,,,,,,
2026-06-08_AM_12_KODEX 미국S&P500,2026-06-08,AM,12,KODEX 미국S&P500,,AI/소프트웨어,55.0,"25,865","25,245",2026-06-12 04:12:51,4.0,-2.40%,-0.66%,-1.78%,,0.33%,-2.40%,tracking_updated,,,,,,,,,,,,,,,,,
2026-06-08_AM_13_TIGER 미국S&P500,2026-06-08,AM,13,TIGER 미국S&P500,,AI/소프트웨어,54.0,"28,385","27,695",2026-06-12 04:12:51,4.0,-2.43%,-0.76%,-1.80%,,0.00%,-2.43%,tracking_updated,,,,,,,,,,,,,,,,,
2026-06-08_AM_14_KODEX 삼성전자채권혼합,2026-06-08,AM,14,KODEX 삼성전자채권혼합,,AI/소프트웨어,54.0,"17,650","17,650",2026-06-08 10:59:29,0.0,0.00%,,,,0.00%,0.00%,tracking,,,,,,,,,,,,,,,,,
2026-06-08_AM_15_TIGER 배당커버드콜액티브,2026-06-08,AM,15,TIGER 배당커버드콜액티브,,AI/소프트웨어,53.0,"23,570","24,180",2026-06-11 03:38:05,3.0,2.59%,-1.08%,2.59%,,7.74%,-1.08%,tracking_updated,,,,,,,,,,,,,,,,,
2026-06-08_PM_1_ACE 미국우주테크액티브,2026-06-08,PM,1,ACE 미국우주테크액티브,,금융,87.0,"24,800","27,950",2026-06-12 04:12:51,4.0,12.70%,3.43%,2.02%,,12.70%,0.00%,tracking_updated,,,,,,,,,,,,,,,,,
2026-06-08_PM_2_TIGER 미국배당다우존스,2026-06-08,PM,2,TIGER 미국배당다우존스,,AI/소프트웨어,83.0,"15,790","15,585",2026-06-11 03:38:05,3.0,-1.30%,-0.76%,-1.30%,,0.00%,-1.77%,tracking_updated,,,,,,,,,,,,,,,,,
2026-06-08_PM_3_라이콤,2026-06-08,PM,3,라이콤,,반도체/전자부품,72.0,"6,700","8,790",2026-06-12 04:12:51,4.0,31.19%,0.75%,31.19%,,31.19%,0.00%,tracking_updated,,,,,,,,,,,,,,,,,
2026-06-08_PM_4_KODEX 200미국채혼합,2026-06-08,PM,4,KODEX 200미국채혼합,,AI/소프트웨어,59.0,"23,685","23,685",2026-06-08 12:15:17,0.0,0.00%,,,,0.00%,0.00%,tracking,,,,,,,,,,,,,,,,,
2026-06-08_PM_5_RISE 200위클리커버드콜,2026-06-08,PM,5,RISE 200위클리커버드콜,,AI/소프트웨어,59.0,"14,820","14,200",2026-06-09 03:47:29,1.0,-4.18%,-4.18%,,,0.00%,-4.18%,tracking_updated,,,,,,,,,,,,,,,,,
2026-06-08_PM_6_KODEX 200타겟위클리커버드콜,2026-06-08,PM,6,KODEX 200타겟위클리커버드콜,,AI/소프트웨어,57.0,"24,655","24,550",2026-06-12 04:12:51,4.0,-0.43%,-4.30%,-1.26%,,3.51%,-4.30%,tracking_updated,,,,,,,,,,,,,,,,,
2026-06-08_PM_7_TIGER 미국나스닥100타겟데일리커버드콜,2026-06-08,PM,7,TIGER 미국나스닥100타겟데일리커버드콜,,AI/소프트웨어,64.0,"12,090","11,980",2026-06-09 03:47:29,1.0,-0.91%,-0.91%,,,0.00%,-0.91%,tracking_updated,,,,,,,,,,,,,,,,,
2026-06-08_PM_8_KODEX 미국S&P500,2026-06-08,PM,8,KODEX 미국S&P500,,AI/소프트웨어,56.0,"25,950","25,245",2026-06-12 04:12:51,4.0,-2.72%,-0.98%,-2.10%,,0.00%,-2.72%,tracking_updated,,,,,,,,,,,,,,,,,
2026-06-08_PM_9_미래에셋생명,2026-06-08,PM,9,미래에셋생명,,보험,71.0,"19,200","19,200",2026-06-08 12:15:17,0.0,0.00%,,,,0.00%,0.00%,tracking,,,,,,,,,,,,,,,,,
2026-06-08_PM_10_TIGER 배당커버드콜액티브,2026-06-08,PM,10,TIGER 배당커버드콜액티브,,AI/소프트웨어,55.0,"24,450","24,180",2026-06-11 03:38:05,3.0,-1.10%,-4.64%,-1.10%,,3.87%,-4.64%,tracking_updated,,,,,,,,,,,,,,,,,
2026-06-08_PM_11_LG디스플레이,2026-06-08,PM,11,LG디스플레이,,반도체/전자부품,59.0,"14,480","14,480",2026-06-08 12:15:17,0.0,0.00%,,,,0.00%,0.00%,tracking,,,,,,,,,,,,,,,,,
2026-06-08_PM_12_SK네트웍스,2026-06-08,PM,12,SK네트웍스,,도매,55.0,"13,290","12,950",2026-06-11 03:38:05,3.0,-2.56%,6.62%,-2.56%,,6.62%,-2.56%,tracking_updated,,,,,,,,,,,,,,,,,
2026-06-08_PM_13_한켐,2026-06-08,PM,13,한켐,,화학,62.0,"14,900","12,090",2026-06-12 04:12:51,4.0,-18.86%,-12.42%,-18.86%,,0.00%,-18.86%,tracking_updated,,,,,,,,,,,,,,,,,
2026-06-08_PM_14_알트,2026-06-08,PM,14,알트,,반도체/전자부품,62.0,"1,967","1,902",2026-06-11 03:38:05,3.0,-3.30%,2.69%,-3.30%,,2.69%,-3.30%,tracking_updated,,,,,,,,,,,,,,,,,
2026-06-08_PM_15_KODEX 은행,2026-06-08,PM,15,KODEX 은행,,AI/소프트웨어,54.0,"14,595","15,260",2026-06-09 14:35:19,1.0,4.56%,4.56%,,,4.56%,0.00%,tracking_updated,,,,,,,,,,,,,,,,,
2026-06-08_PM_1_TIGER 미국배당다우존스,2026-06-08,PM,1,TIGER 미국배당다우존스,,AI/소프트웨어,87.0,"15,670","15,585",2026-06-11 03:38:05,3.0,-0.54%,0.00%,-0.54%,,0.00%,-1.02%,tracking_updated,,,,,,,,,,,,,,,,,
2026-06-08_PM_2_RISE 200위클리커버드콜,2026-06-08,PM,2,RISE 200위클리커버드콜,,AI/소프트웨어,75.0,"14,200","14,200",2026-06-09 03:47:29,1.0,0.00%,0.00%,,,0.00%,0.00%,tracking_updated,,,,,,,,,,,,,,,,,
2026-06-08_PM_3_한켐,2026-06-08,PM,3,한켐,,화학,87.0,"13,050","12,090",2026-06-12 04:12:51,4.0,-7.36%,0.00%,-7.36%,,0.00%,-7.36%,tracking_updated,,,,,,,,,,,,,,,,,
2026-06-08_PM_4_라이콤,2026-06-08,PM,4,라이콤,,반도체/전자부품,72.0,"6,750","8,790",2026-06-12 04:12:51,4.0,30.22%,0.00%,30.22%,,30.22%,0.00%,tracking_updated,,,,,,,,,,,,,,,,,
2026-06-08_PM_5_TIGER 미국S&P500,2026-06-08,PM,5,TIGER 미국S&P500,,AI/소프트웨어,63.0,"28,170","27,695",2026-06-12 04:12:51,4.0,-1.69%,0.00%,-1.05%,,0.00%,-1.69%,tracking_updated,,,,,,,,,,,,,,,,,
2026-06-08_PM_6_KODEX 미국S&P500,2026-06-08,PM,6,KODEX 미국S&P500,,AI/소프트웨어,62.0,"25,695","25,245",2026-06-12 04:12:51,4.0,-1.75%,0.00%,-1.13%,,0.00%,-1.75%,tracking_updated,,,,,,,,,,,,,,,,,
2026-06-08_PM_7_KODEX 미국나스닥100,2026-06-08,PM,7,KODEX 미국나스닥100,,AI/소프트웨어,69.0,"29,585","29,270",2026-06-11 03:38:05,3.0,-1.06%,0.00%,-1.06%,,0.00%,-1.06%,tracking_updated,,,,,,,,,,,,,,,,,
2026-06-08_PM_8_KODEX 200타겟위클리커버드콜,2026-06-08,PM,8,KODEX 200타겟위클리커버드콜,,AI/소프트웨어,61.0,"23,595","24,550",2026-06-12 04:12:51,4.0,4.05%,0.00%,3.18%,,8.16%,0.00%,tracking_updated,,,,,,,,,,,,,,,,,
2026-06-08_PM_9_TIGER 배당커버드콜액티브,2026-06-08,PM,9,TIGER 배당커버드콜액티브,,AI/소프트웨어,58.0,"23,315","24,180",2026-06-11 03:38:05,3.0,3.71%,0.00%,3.71%,,8.92%,0.00%,tracking_updated,,,,,,,,,,,,,,,,,
2026-06-08_PM_10_SK네트웍스,2026-06-08,PM,10,SK네트웍스,,도매,61.0,"14,170","12,950",2026-06-11 03:38:05,3.0,-8.61%,0.00%,-8.61%,,0.00%,-8.61%,tracking_updated,,,,,,,,,,,,,,,,,
2026-06-08_PM_11_TIGER 미국나스닥100타겟데일리커버드콜,2026-06-08,PM,11,TIGER 미국나스닥100타겟데일리커버드콜,,AI/소프트웨어,59.0,"11,980","11,980",2026-06-09 03:47:29,1.0,0.00%,0.00%,,,0.00%,0.00%,tracking_updated,,,,,,,,,,,,,,,,,
2026-06-08_PM_12_디아이씨,2026-06-08,PM,12,디아이씨,,자동차/부품,57.0,"10,110","10,110",2026-06-09 03:47:29,1.0,0.00%,0.00%,,,0.00%,0.00%,tracking_updated,,,,,,,,,,,,,,,,,
2026-06-08_PM_13_대원제약,2026-06-08,PM,13,대원제약,,제약/바이오,49.0,"12,400","12,400",2026-06-09 03:47:29,1.0,0.00%,0.00%,,,0.00%,0.00%,tracking_updated,,,,,,,,,,,,,,,,,
2026-06-08_PM_14_LG유플러스,2026-06-08,PM,14,LG유플러스,,통신,55.0,"15,720","15,720",2026-06-09 03:47:29,1.0,0.00%,0.00%,,,0.00%,0.00%,tracking_updated,,,,,,,,,,,,,,,,,
2026-06-08_PM_15_알트,2026-06-08,PM,15,알트,,반도체/전자부품,62.0,"2,020","1,902",2026-06-11 03:38:05,3.0,-5.84%,0.00%,-5.84%,,0.00%,-5.84%,tracking_updated,,,,,,,,,,,,,,,,,
2026-06-09_AM_1_TIGER 미국배당다우존스,2026-06-09,AM,1,TIGER 미국배당다우존스,,AI/소프트웨어,87.0,"15,670","15,585",2026-06-11 03:38:05,2.0,-0.54%,-1.02%,,,0.00%,-1.02%,tracking_updated,,,,,,,,,,,,,,,,,
2026-06-09_AM_2_RISE 200위클리커버드콜,2026-06-09,AM,2,RISE 200위클리커버드콜,,AI/소프트웨어,75.0,"14,200","14,200",2026-06-09 03:47:29,0.0,0.00%,,,,0.00%,0.00%,tracking,,,,,,,,,,,,,,,,,
2026-06-09_AM_3_한켐,2026-06-09,AM,3,한켐,,화학,87.0,"13,050","12,090",2026-06-12 04:12:51,3.0,-7.36%,-7.36%,-7.36%,,0.00%,-7.36%,tracking_updated,,,,,,,,,,,,,,,,,
2026-06-09_AM_4_라이콤,2026-06-09,AM,4,라이콤,,반도체/전자부품,72.0,"6,750","8,790",2026-06-12 04:12:51,3.0,30.22%,30.22%,30.22%,,30.22%,0.00%,tracking_updated,,,,,,,,,,,,,,,,,
2026-06-09_AM_5_TIGER 미국S&P500,2026-06-09,AM,5,TIGER 미국S&P500,,AI/소프트웨어,63.0,"28,170","27,695",2026-06-12 04:12:51,3.0,-1.69%,-1.05%,-1.69%,,0.00%,-1.69%,tracking_updated,,,,,,,,,,,,,,,,,
2026-06-09_AM_6_KODEX 미국S&P500,2026-06-09,AM,6,KODEX 미국S&P500,,AI/소프트웨어,62.0,"25,695","25,245",2026-06-12 04:12:51,3.0,-1.75%,-1.11%,-1.75%,,0.00%,-1.75%,tracking_updated,,,,,,,,,,,,,,,,,
2026-06-09_AM_7_KODEX 미국나스닥100,2026-06-09,AM,7,KODEX 미국나스닥100,,AI/소프트웨어,69.0,"29,585","29,270",2026-06-11 03:38:05,2.0,-1.06%,-1.06%,,,0.00%,-1.06%,tracking_updated,,,,,,,,,,,,,,,,,
2026-06-09_AM_8_KODEX 200타겟위클리커버드콜,2026-06-09,AM,8,KODEX 200타겟위클리커버드콜,,AI/소프트웨어,61.0,"23,595","24,550",2026-06-12 04:12:51,3.0,4.05%,8.16%,4.05%,,8.16%,0.00%,tracking_updated,,,,,,,,,,,,,,,,,
2026-06-09_AM_9_TIGER 배당커버드콜액티브,2026-06-09,AM,9,TIGER 배당커버드콜액티브,,AI/소프트웨어,58.0,"23,315","24,180",2026-06-11 03:38:05,2.0,3.71%,8.92%,,,8.92%,0.00%,tracking_updated,,,,,,,,,,,,,,,,,
2026-06-09_AM_10_SK네트웍스,2026-06-09,AM,10,SK네트웍스,,도매,61.0,"14,170","12,950",2026-06-11 03:38:05,2.0,-8.61%,-8.61%,,,0.00%,-8.61%,tracking_updated,,,,,,,,,,,,,,,,,
2026-06-09_AM_11_TIGER 미국나스닥100타겟데일리커버드콜,2026-06-09,AM,11,TIGER 미국나스닥100타겟데일리커버드콜,,AI/소프트웨어,59.0,"11,980","11,980",2026-06-09 03:47:29,0.0,0.00%,,,,0.00%,0.00%,tracking,,,,,,,,,,,,,,,,,
2026-06-09_AM_12_디아이씨,2026-06-09,AM,12,디아이씨,,자동차/부품,57.0,"10,110","10,110",2026-06-09 03:47:29,0.0,0.00%,,,,0.00%,0.00%,tracking,,,,,,,,,,,,,,,,,
2026-06-09_AM_13_대원제약,2026-06-09,AM,13,대원제약,,제약/바이오,49.0,"12,400","12,400",2026-06-09 03:47:29,0.0,0.00%,,,,0.00%,0.00%,tracking,,,,,,,,,,,,,,,,,
2026-06-09_AM_14_LG유플러스,2026-06-09,AM,14,LG유플러스,,통신,55.0,"15,720","15,720",2026-06-09 03:47:29,0.0,0.00%,,,,0.00%,0.00%,tracking,,,,,,,,,,,,,,,,,
2026-06-09_AM_15_알트,2026-06-09,AM,15,알트,,반도체/전자부품,62.0,"2,020","1,902",2026-06-11 03:38:05,2.0,-5.84%,-1.44%,,,0.00%,-5.84%,tracking_updated,,,,,,,,,,,,,,,,,
2026-06-09_PM_1_대원강업,2026-06-09,PM,1,대원강업,,자동차/부품,90.0,"5,130","4,945",2026-06-12 04:12:51,3.0,-3.61%,16.96%,-3.61%,,16.96%,-3.61%,tracking_updated,,,,,,,,,,,,,,,,,
2026-06-09_PM_2_TIGER 미국배당다우존스,2026-06-09,PM,2,TIGER 미국배당다우존스,,AI/소프트웨어,87.0,"15,570","15,585",2026-06-11 03:38:05,2.0,0.10%,-0.39%,,,0.10%,-0.39%,tracking_updated,,,,,,,,,,,,,,,,,
2026-06-09_PM_3_후성,2026-06-09,PM,3,후성,,화학,89.0,"13,370","15,770",2026-06-12 04:12:51,3.0,17.95%,1.12%,17.95%,,21.47%,0.00%,tracking_updated,,,,,,,,,,,,,,,,,
2026-06-09_PM_4_화신정공,2026-06-09,PM,4,화신정공,,자동차/부품,81.0,"3,410","4,610",2026-06-12 04:12:51,3.0,35.19%,0.00%,35.19%,,35.19%,0.00%,tracking_updated,,,,,,,,,,,,,,,,,
2026-06-09_PM_5_LG헬로비전,2026-06-09,PM,5,LG헬로비전,,미디어/콘텐츠,92.0,"2,355","2,365",2026-06-10 02:57:04,1.0,0.42%,0.42%,,,0.42%,0.00%,tracking_updated,,,,,,,,,,,,,,,,,
2026-06-09_PM_6_KODEX 은행,2026-06-09,PM,6,KODEX 은행,,AI/소프트웨어,83.0,"15,260","15,260",2026-06-09 14:35:19,0.0,0.00%,,,,0.00%,0.00%,tracking,,,,,,,,,,,,,,,,,
2026-06-09_PM_7_ACE 미국우주테크액티브,2026-06-09,PM,7,ACE 미국우주테크액티브,,금융,69.0,"25,650","27,950",2026-06-12 04:12:51,3.0,8.97%,-1.36%,8.97%,,8.97%,-1.36%,tracking_updated,,,,,,,,,,,,,,,,,
2026-06-09_PM_8_SK네트웍스,2026-06-09,PM,8,SK네트웍스,,도매,76.0,"13,370","12,950",2026-06-11 03:38:05,2.0,-3.14%,-3.14%,,,0.00%,-3.14%,tracking_updated,,,,,,,,,,,,,,,,,
2026-06-09_PM_9_태양금속,2026-06-09,PM,9,태양금속,,자동차/부품,76.0,"3,065","3,065",2026-06-10 02:57:04,1.0,0.00%,0.00%,,,0.00%,0.00%,tracking_updated,,,,,,,,,,,,,,,,,
2026-06-09_PM_10_라이콤,2026-06-09,PM,10,라이콤,,반도체/전자부품,74.0,"7,840","8,790",2026-06-12 04:12:51,3.0,12.12%,12.12%,12.12%,,12.12%,0.00%,tracking_updated,,,,,,,,,,,,,,,,,
2026-06-09_PM_11_KODEX 미국S&P500,2026-06-09,PM,11,KODEX 미국S&P500,,AI/소프트웨어,66.0,"25,490","25,245",2026-06-12 04:12:51,3.0,-0.96%,-0.31%,-0.96%,,0.00%,-0.96%,tracking_updated,,,,,,,,,,,,,,,,,
2026-06-09_PM_12_TIGER 미국S&P500,2026-06-09,PM,12,TIGER 미국S&P500,,AI/소프트웨어,66.0,"27,950","27,695",2026-06-12 04:12:51,3.0,-0.91%,-0.27%,-0.91%,,0.00%,-0.91%,tracking_updated,,,,,,,,,,,,,,,,,
2026-06-09_PM_13_샘씨엔에스,2026-06-09,PM,13,샘씨엔에스,,반도체/전자부품,71.0,"13,550","14,420",2026-06-12 04:12:51,3.0,6.42%,0.07%,6.42%,,6.42%,0.00%,tracking_updated,,,,,,,,,,,,,,,,,
2026-06-09_PM_14_KODEX 200타겟위클리커버드콜,2026-06-09,PM,14,KODEX 200타겟위클리커버드콜,,AI/소프트웨어,61.0,"25,215","24,550",2026-06-12 04:12:51,3.0,-2.64%,1.21%,-2.64%,,1.21%,-3.45%,tracking_updated,,,,,,,,,,,,,,,,,
2026-06-09_PM_15_에이팩트,2026-06-09,PM,15,에이팩트,,반도체/전자부품,68.0,"9,660","10,170",2026-06-12 04:12:51,3.0,5.28%,2.28%,5.28%,,5.28%,0.00%,tracking_updated,,,,,,,,,,,,,,,,,
2026-06-10_AM_1_TIGER 미국배당다우존스,2026-06-10,AM,1,TIGER 미국배당다우존스,,AI/소프트웨어,93.0,"15,510","15,585",2026-06-11 03:38:05,1.0,0.48%,0.48%,,,0.48%,0.00%,tracking_updated,,,,,,,,,,,,,,,,,
2026-06-10_AM_2_후성,2026-06-10,AM,2,후성,,화학,93.0,"13,520","15,770",2026-06-12 04:12:51,2.0,16.64%,20.12%,,,20.12%,0.00%,tracking_updated,,,,,,,,,,,,,,,,,
2026-06-10_AM_3_화신정공,2026-06-10,AM,3,화신정공,,자동차/부품,85.0,"3,410","4,610",2026-06-12 04:12:51,2.0,35.19%,29.91%,,,35.19%,0.00%,tracking_updated,,,,,,,,,,,,,,,,,
2026-06-10_AM_4_LG헬로비전,2026-06-10,AM,4,LG헬로비전,,미디어/콘텐츠,97.0,"2,365","2,365",2026-06-10 02:57:04,0.0,0.00%,,,,0.00%,0.00%,tracking,,,,,,,,,,,,,,,,,
2026-06-10_AM_5_아이로보틱스,2026-06-10,AM,5,아이로보틱스,,도매,93.0,"4,040","4,040",2026-06-10 02:57:04,0.0,0.00%,,,,0.00%,0.00%,tracking,,,,,,,,,,,,,,,,,
2026-06-10_AM_6_태양금속,2026-06-10,AM,6,태양금속,,자동차/부품,82.0,"3,065","3,065",2026-06-10 02:57:04,0.0,0.00%,,,,0.00%,0.00%,tracking,,,,,,,,,,,,,,,,,
2026-06-10_AM_7_ACE 미국우주테크액티브,2026-06-10,AM,7,ACE 미국우주테크액티브,,금융,74.0,"25,300","27,950",2026-06-12 04:12:51,2.0,10.47%,0.00%,,,10.47%,0.00%,tracking_updated,,,,,,,,,,,,,,,,,
2026-06-10_AM_8_대원강업,2026-06-10,AM,8,대원강업,,자동차/부품,74.0,"6,000","4,945",2026-06-12 04:12:51,2.0,-17.58%,-11.67%,,,0.00%,-17.58%,tracking_updated,,,,,,,,,,,,,,,,,
2026-06-10_AM_9_알트,2026-06-10,AM,9,알트,,반도체/전자부품,86.0,"1,991","1,902",2026-06-11 03:38:05,1.0,-4.47%,-4.47%,,,0.00%,-4.47%,tracking_updated,,,,,,,,,,,,,,,,,
2026-06-10_AM_10_카카오뱅크,2026-06-10,AM,10,카카오뱅크,,금융,77.0,"24,400","24,750",2026-06-11 03:38:05,1.0,1.43%,1.43%,,,1.43%,0.00%,tracking_updated,,,,,,,,,,,,,,,,,
2026-06-10_AM_11_샘씨엔에스,2026-06-10,AM,11,샘씨엔에스,,반도체/전자부품,76.0,"13,560","14,420",2026-06-12 04:12:51,2.0,6.34%,6.34%,,,6.34%,0.00%,tracking_updated,,,,,,,,,,,,,,,,,
2026-06-10_AM_12_에이팩트,2026-06-10,AM,12,에이팩트,,반도체/전자부품,74.0,"9,880","10,170",2026-06-12 04:12:51,2.0,2.94%,2.94%,,,2.94%,0.00%,tracking_updated,,,,,,,,,,,,,,,,,
2026-06-10_AM_13_KODEX 200타겟위클리커버드콜,2026-06-10,AM,13,KODEX 200타겟위클리커버드콜,,AI/소프트웨어,66.0,"25,520","24,550",2026-06-12 04:12:51,2.0,-3.80%,-4.60%,,,0.00%,-4.60%,tracking_updated,,,,,,,,,,,,,,,,,
2026-06-10_AM_14_TIGER 배당커버드콜액티브,2026-06-10,AM,14,TIGER 배당커버드콜액티브,,AI/소프트웨어,65.0,"25,395","24,180",2026-06-11 03:38:05,1.0,-4.78%,-4.78%,,,0.00%,-4.78%,tracking_updated,,,,,,,,,,,,,,,,,
2026-06-10_AM_15_KODEX 미국S&P500,2026-06-10,AM,15,KODEX 미국S&P500,,AI/소프트웨어,64.0,"25,410","25,245",2026-06-12 04:12:51,2.0,-0.65%,-0.02%,,,0.00%,-0.65%,tracking_updated,,,,,,,,,,,,,,,,,
2026-06-11_AM_1_후성,2026-06-11,AM,1,후성,,화학,100.0,"16,240","15,770",2026-06-12 04:12:51,1.0,-2.89%,-2.89%,,,0.00%,-2.89%,tracking_updated,,,,,,,,,,,,,,,,,
2026-06-11_AM_2_대원강업,2026-06-11,AM,2,대원강업,,자동차/부품,91.0,"5,300","4,945",2026-06-12 04:12:51,1.0,-6.70%,-6.70%,,,0.00%,-6.70%,tracking_updated,,,,,,,,,,,,,,,,,
2026-06-11_AM_3_화신정공,2026-06-11,AM,3,화신정공,,자동차/부품,79.0,"4,430","4,610",2026-06-12 04:12:51,1.0,4.06%,4.06%,,,4.06%,0.00%,tracking_updated,,,,,,,,,,,,,,,,,
2026-06-11_AM_4_ACE 미국우주테크액티브,2026-06-11,AM,4,ACE 미국우주테크액티브,,금융,68.0,"25,300","27,950",2026-06-12 04:12:51,1.0,10.47%,10.47%,,,10.47%,0.00%,tracking_updated,,,,,,,,,,,,,,,,,
2026-06-11_AM_5_SOL 반도체전공정,2026-06-11,AM,5,SOL 반도체전공정,,반도체,74.0,"24,470","27,735",2026-06-12 04:12:51,1.0,13.34%,13.34%,,,13.34%,0.00%,tracking_updated,,,,,,,,,,,,,,,,,
2026-06-11_AM_6_알트,2026-06-11,AM,6,알트,,반도체/전자부품,78.0,"1,902","1,902",2026-06-11 03:38:05,0.0,0.00%,,,,0.00%,0.00%,tracking,,,,,,,,,,,,,,,,,
2026-06-11_AM_7_TIGER 미국S&P500,2026-06-11,AM,7,TIGER 미국S&P500,,AI/소프트웨어,62.0,"27,875","27,695",2026-06-12 04:12:51,1.0,-0.65%,-0.65%,,,0.00%,-0.65%,tracking_updated,,,,,,,,,,,,,,,,,
2026-06-11_AM_8_TIGER 미국배당다우존스,2026-06-11,AM,8,TIGER 미국배당다우존스,,AI/소프트웨어,62.0,"15,585","15,585",2026-06-11 03:38:05,0.0,0.00%,,,,0.00%,0.00%,tracking,,,,,,,,,,,,,,,,,
2026-06-11_AM_9_SK네트웍스,2026-06-11,AM,9,SK네트웍스,,도매,68.0,"12,950","12,950",2026-06-11 03:38:05,0.0,0.00%,,,,0.00%,0.00%,tracking,,,,,,,,,,,,,,,,,
2026-06-11_AM_10_KODEX 미국S&P500,2026-06-11,AM,10,KODEX 미국S&P500,,AI/소프트웨어,59.0,"25,405","25,245",2026-06-12 04:12:51,1.0,-0.63%,-0.63%,,,0.00%,-0.63%,tracking_updated,,,,,,,,,,,,,,,,,
2026-06-11_AM_11_제주은행,2026-06-11,AM,11,제주은행,,금융,63.0,"12,750","12,270",2026-06-12 04:12:51,1.0,-3.76%,-3.76%,,,0.00%,-3.76%,tracking_updated,,,,,,,,,,,,,,,,,
2026-06-11_AM_12_카카오뱅크,2026-06-11,AM,12,카카오뱅크,,금융,61.0,"24,750","24,750",2026-06-11 03:38:05,0.0,0.00%,,,,0.00%,0.00%,tracking,,,,,,,,,,,,,,,,,
2026-06-11_AM_13_KODEX 미국나스닥100,2026-06-11,AM,13,KODEX 미국나스닥100,,AI/소프트웨어,60.0,"29,270","29,270",2026-06-11 03:38:05,0.0,0.00%,,,,0.00%,0.00%,tracking,,,,,,,,,,,,,,,,,
2026-06-11_AM_14_KODEX 200타겟위클리커버드콜,2026-06-11,AM,14,KODEX 200타겟위클리커버드콜,,AI/소프트웨어,51.0,"24,345","24,550",2026-06-12 04:12:51,1.0,0.84%,0.84%,,,0.84%,0.00%,tracking_updated,,,,,,,,,,,,,,,,,
2026-06-11_AM_15_TIGER 배당커버드콜액티브,2026-06-11,AM,15,TIGER 배당커버드콜액티브,,AI/소프트웨어,49.0,"24,180","24,180",2026-06-11 03:38:05,0.0,0.00%,,,,0.00%,0.00%,tracking,,,,,,,,,,,,,,,,,
2026-06-11_PM_1_ACE 미국우주테크액티브,2026-06-11,PM,1,ACE 미국우주테크액티브,,금융,100.0,"27,950","27,950",2026-06-12 04:12:51,1.0,0.00%,0.00%,,,0.00%,0.00%,tracking_updated,,,,,,,,,,,,,,,,,
2026-06-11_PM_2_후성,2026-06-11,PM,2,후성,,화학,100.0,"15,770","15,770",2026-06-12 04:12:51,1.0,0.00%,0.00%,,,0.00%,0.00%,tracking_updated,,,,,,,,,,,,,,,,,
2026-06-11_PM_3_SOL 반도체전공정,2026-06-11,PM,3,SOL 반도체전공정,,반도체,95.0,"27,735","27,735",2026-06-12 04:12:51,1.0,0.00%,0.00%,,,0.00%,0.00%,tracking_updated,,,,,,,,,,,,,,,,,
2026-06-11_PM_4_TIGER 미국S&P500(H),2026-06-11,PM,4,TIGER 미국S&P500(H),,AI/소프트웨어,85.0,"17,000","17,000",2026-06-12 04:12:51,1.0,0.00%,0.00%,,,0.00%,0.00%,tracking_updated,,,,,,,,,,,,,,,,,
2026-06-11_PM_5_대원강업,2026-06-11,PM,5,대원강업,,자동차/부품,91.0,"4,945","4,945",2026-06-12 04:12:51,1.0,0.00%,0.00%,,,0.00%,0.00%,tracking_updated,,,,,,,,,,,,,,,,,
2026-06-11_PM_6_화신정공,2026-06-11,PM,6,화신정공,,자동차/부품,80.0,"4,610","4,610",2026-06-12 04:12:51,1.0,0.00%,0.00%,,,0.00%,0.00%,tracking_updated,,,,,,,,,,,,,,,,,
2026-06-11_PM_7_에이팩트,2026-06-11,PM,7,에이팩트,,반도체/전자부품,80.0,"10,170","10,170",2026-06-12 04:12:51,1.0,0.00%,0.00%,,,0.00%,0.00%,tracking_updated,,,,,,,,,,,,,,,,,
2026-06-11_PM_8_샘씨엔에스,2026-06-11,PM,8,샘씨엔에스,,반도체/전자부품,73.0,"14,420","14,420",2026-06-12 04:12:51,1.0,0.00%,0.00%,,,0.00%,0.00%,tracking_updated,,,,,,,,,,,,,,,,,
2026-06-11_PM_9_제주은행,2026-06-11,PM,9,제주은행,,금융,72.0,"12,270","12,270",2026-06-12 04:12:51,1.0,0.00%,0.00%,,,0.00%,0.00%,tracking_updated,,,,,,,,,,,,,,,,,
2026-06-11_PM_10_TIGER 미국S&P500,2026-06-11,PM,10,TIGER 미국S&P500,,AI/소프트웨어,64.0,"27,695","27,695",2026-06-12 04:12:51,1.0,0.00%,0.00%,,,0.00%,0.00%,tracking_updated,,,,,,,,,,,,,,,,,
2026-06-11_PM_11_라이콤,2026-06-11,PM,11,라이콤,,반도체/전자부품,67.0,"8,790","8,790",2026-06-12 04:12:51,1.0,0.00%,0.00%,,,0.00%,0.00%,tracking_updated,,,,,,,,,,,,,,,,,
2026-06-11_PM_12_엠케이전자,2026-06-11,PM,12,엠케이전자,,반도체/전자부품,65.0,"28,000","28,000",2026-06-12 04:12:51,1.0,0.00%,0.00%,,,0.00%,0.00%,tracking_updated,,,,,,,,,,,,,,,,,
2026-06-11_PM_13_KODEX 미국S&P500,2026-06-11,PM,13,KODEX 미국S&P500,,AI/소프트웨어,55.0,"25,245","25,245",2026-06-12 04:12:51,1.0,0.00%,0.00%,,,0.00%,0.00%,tracking_updated,,,,,,,,,,,,,,,,,
2026-06-11_PM_14_KODEX 200타겟위클리커버드콜,2026-06-11,PM,14,KODEX 200타겟위클리커버드콜,,AI/소프트웨어,52.0,"24,550","24,550",2026-06-12 04:12:51,1.0,0.00%,0.00%,,,0.00%,0.00%,tracking_updated,,,,,,,,,,,,,,,,,
2026-06-11_PM_15_한켐,2026-06-11,PM,15,한켐,,화학,65.0,"12,090","12,090",2026-06-12 04:12:51,1.0,0.00%,0.00%,,,0.00%,0.00%,tracking_updated,,,,,,,,,,,,,,,,,
2026-06-12_AM_1_ACE 미국우주테크액티브,2026-06-12,AM,1,ACE 미국우주테크액티브,,금융,100.0,"27,950","27,950",2026-06-12 04:12:51,0.0,0.00%,,,,0.00%,0.00%,tracking,,,,,,,,,,,,,,,,,
2026-06-12_AM_2_후성,2026-06-12,AM,2,후성,,화학,100.0,"15,770","15,770",2026-06-12 04:12:51,0.0,0.00%,,,,0.00%,0.00%,tracking,,,,,,,,,,,,,,,,,
2026-06-12_AM_3_SOL 반도체전공정,2026-06-12,AM,3,SOL 반도체전공정,,반도체,95.0,"27,735","27,735",2026-06-12 04:12:51,0.0,0.00%,,,,0.00%,0.00%,tracking,,,,,,,,,,,,,,,,,
2026-06-12_AM_4_TIGER 미국S&P500(H),2026-06-12,AM,4,TIGER 미국S&P500(H),,AI/소프트웨어,85.0,"17,000","17,000",2026-06-12 04:12:51,0.0,0.00%,,,,0.00%,0.00%,tracking,,,,,,,,,,,,,,,,,
2026-06-12_AM_5_대원강업,2026-06-12,AM,5,대원강업,,자동차/부품,91.0,"4,945","4,945",2026-06-12 04:12:51,0.0,0.00%,,,,0.00%,0.00%,tracking,,,,,,,,,,,,,,,,,
2026-06-12_AM_6_화신정공,2026-06-12,AM,6,화신정공,,자동차/부품,80.0,"4,610","4,610",2026-06-12 04:12:51,0.0,0.00%,,,,0.00%,0.00%,tracking,,,,,,,,,,,,,,,,,
2026-06-12_AM_7_에이팩트,2026-06-12,AM,7,에이팩트,,반도체/전자부품,80.0,"10,170","10,170",2026-06-12 04:12:51,0.0,0.00%,,,,0.00%,0.00%,tracking,,,,,,,,,,,,,,,,,
2026-06-12_AM_8_샘씨엔에스,2026-06-12,AM,8,샘씨엔에스,,반도체/전자부품,73.0,"14,420","14,420",2026-06-12 04:12:51,0.0,0.00%,,,,0.00%,0.00%,tracking,,,,,,,,,,,,,,,,,
2026-06-12_AM_9_제주은행,2026-06-12,AM,9,제주은행,,금융,72.0,"12,270","12,270",2026-06-12 04:12:51,0.0,0.00%,,,,0.00%,0.00%,tracking,,,,,,,,,,,,,,,,,
2026-06-12_AM_10_TIGER 미국S&P500,2026-06-12,AM,10,TIGER 미국S&P500,,AI/소프트웨어,64.0,"27,695","27,695",2026-06-12 04:12:51,0.0,0.00%,,,,0.00%,0.00%,tracking,,,,,,,,,,,,,,,,,
2026-06-12_AM_11_라이콤,2026-06-12,AM,11,라이콤,,반도체/전자부품,67.0,"8,790","8,790",2026-06-12 04:12:51,0.0,0.00%,,,,0.00%,0.00%,tracking,,,,,,,,,,,,,,,,,
2026-06-12_AM_12_엠케이전자,2026-06-12,AM,12,엠케이전자,,반도체/전자부품,65.0,"28,000","28,000",2026-06-12 04:12:51,0.0,0.00%,,,,0.00%,0.00%,tracking,,,,,,,,,,,,,,,,,
2026-06-12_AM_13_KODEX 미국S&P500,2026-06-12,AM,13,KODEX 미국S&P500,,AI/소프트웨어,55.0,"25,245","25,245",2026-06-12 04:12:51,0.0,0.00%,,,,0.00%,0.00%,tracking,,,,,,,,,,,,,,,,,
2026-06-12_AM_14_KODEX 200타겟위클리커버드콜,2026-06-12,AM,14,KODEX 200타겟위클리커버드콜,,AI/소프트웨어,52.0,"24,550","24,550",2026-06-12 04:12:51,0.0,0.00%,,,,0.00%,0.00%,tracking,,,,,,,,,,,,,,,,,
2026-06-12_AM_15_한켐,2026-06-12,AM,15,한켐,,화학,65.0,"12,090","12,090",2026-06-12 04:12:51,0.0,0.00%,,,,0.00%,0.00%,tracking,,,,,,,,,,,,,,,,,
