stock_name,stock_code,decision,current_price,avg_price,pnl_pct,price_source,checked_at,ai_sentiment,ai_confidence,ai_issue_summary,ai_positive_points,ai_risk_points,ai_price_context,ai_action_guide,ai_retrospective,ai_three_line_summary,ai_caution,gemini_model_used,ai_status,news_title_1,news_link_1,news_desc_1,news_publisher_1,news_published_at_1,news_quality_score_1,news_title_2,news_link_2,news_desc_2,news_publisher_2,news_published_at_2,news_quality_score_2,news_title_3,news_link_3,news_desc_3,news_publisher_3,news_published_at_3,news_quality_score_3,news_title_4,news_link_4,news_desc_4,news_publisher_4,news_published_at_4,news_quality_score_4,news_title_5,news_link_5,news_desc_5,news_publisher_5,news_published_at_5,news_quality_score_5,ai_error
금호타이어,073240,HOLD,4790.0,4865.0,-1.54,naver_finance,2026-06-12 16:35:14 KST,중립,보통,"금호타이어는 EU 관세 장벽을 넘기 위해 가격 인상 및 고인치 타이어 판매 확대를 통해 실적 개선을 꾀하고 있습니다. 증권업계는 올해 매출 및 영업이익 증가를 전망하며, 다이나믹디자인과의 금형 공급사 입찰 1순위 선정은 원가 경쟁력 확보 및 글로벌 시장 공략 강화에 긍정적입니다. 다만, 해상운임 상승 및 EU 관세는 하반기 실적의 복병으로 작용할 수 있습니다.","금호타이어는 고부가가치 제품 판매 확대, 특히 전기차 및 SUV 시장 성장에 맞춰 고인치 타이어 공급을 늘리며 실적 개선의 기반을 다지고 있습니다. EU 관세 장벽을 넘기 위한 전략적 가격 인상과 원가 경쟁력 확보 노력은 향후 수익성 개선에 기여할 것으로 보입니다. 또한, 글로벌 생산 거점의 품질 승인 및 금형 공급사와의 협력 강화는 생산 효율성 증대와 수출 경쟁력 강화에 긍정적인 영향을 미칠 수 있습니다.","수출 의존도가 높은 업종 특성상 해상운임 상승은 수익성에 직접적인 부담으로 작용할 수 있습니다. EU 관세 장벽은 수출 가격 경쟁력을 약화시키고 수익성을 저해할 수 있는 잠재적 위험 요인입니다. 최근 뉴스는 6월 초중순에 집중되어 있으며, 현재 시점(6월 12일)에서 추가적인 변동성이나 새로운 악재 발생 가능성을 배제할 수 없습니다.","현재가 4790원 대비 평균단가 4865원으로 약 1.54%의 손실 구간에 있습니다. 이는 큰 손실은 아니지만, 매수 가격 아래에서 주가가 머물고 있음을 의미합니다. 목표가와 손절가가 제시되지 않아 명확한 가격 기준은 없으나, 현재 가격대는 평균단가 회복을 1차적으로 기대해 볼 수 있는 수준입니다.","현재 보유 중인 금호타이어는 평균단가 대비 소폭의 손실 구간에 있으므로, 추가 매수보다는 보유하며 추세를 지켜보는 것이 합리적입니다. 4865원 이상의 가격 회복 여부를 확인하며, 만약 5000원 돌파 시 추가적인 상승 모멘텀을 기대해 볼 수 있습니다. 다만, 해상운임 및 관세 관련 부정적인 뉴스가 부각될 경우 손절 검토를 고려할 수 있습니다.","만약 5000원 이상의 가격대에서 매수하여 현재 손실 구간에 있다면, 4800원 이하로 하락 시 손절을 고려했어야 합니다. 현재는 평균단가 근처이므로, 추가 하락보다는 회복 가능성을 열어두고 지켜볼 수 있습니다.","1. EU 관세 극복 및 실적 개선 기대감 속 해상운임 리스크 상존.
2. 평균단가 4865원 대비 소폭 손실 구간, 4790원 현재가.
3. 추가 매수 보류, 4865원 회복 여부 확인하며 보유.","본 분석은 제공된 정보와 일반적인 시장 상황을 기반으로 한 투자 판단 보조 자료이며, 실제 투자 결정은 투자자 본인의 판단과 책임 하에 이루어져야 합니다.",gemini-2.5-flash-lite,gemini_ok,"""가격 올리고 고인치 키우고""···금호타이어, EU 관세 장벽 넘는다",https://www.sisajournal-e.com/news/articleView.html?idxno=421624,"이에 따라 증권업계에서도 올해 금호타이어 실적이 작년보다 개선될 것으로 보고 있다. BNK투자증권은 올해 금호타이어 매출액은 5조1160억원으로 전년대비 8.8%, 영업이익은 5940억원으로 전년대비 3.1% 증가할 것으로...",sisajournal-e,2026-06-10,13,"다이나믹디자인, 금호타이어 금형 공급사 입찰 1순위 선정",https://news.dealsitetv.com/articles/171416,인니 생산 거점 품질 승인…원가 경쟁력 부각 다이나믹디자인이 금호타이어 베트남·중국·한국 공장의... 확보 자금은 향후 수주 물량 증가에 대응하기 위한 생산 운영 기반 강화에 활용할 계획이다. 실적은 개선세를...,dealsitetv,2026-06-05,13,"1분기 웃은 타이어 3사, 하반기 복병은 해상운임·EU 관세",https://it.chosun.com/news/articleView.html?idxno=2023092163714,금호타이어도 영업이익 1470억원을 올리며 전년 동기 대비 0.3% 소폭 증가했다. 업계는 실적 개선의 배경으로 고부가가치 제품 판매 확대를 꼽는다. 전기차와 SUV 시장 성장에 맞춰 고인치 타이어 공급을 늘린 데다 교체용...,조선일보,2026-06-11,11,전쟁에 물류비 2배 뛰었다…韓 타이어·자동차 '한숨',https://www.newsway.co.kr/news/view?ud=2026061011303993979,"수출 의존도가 높은 업종 특성상 수익성 악화로 이어질 수 있는 만큼, 관련 기업들의 실적 개선도 예상보다... 국내 타이어 3사(한국타이어앤테크놀로지·금호타이어·넥센타이어)는 전체 매출의 약 80~85% 이상을 해외에서...",newsway,2026-06-10,13,"다이나믹디자인, 금호타이어 금형 입찰 1순위 선정…글로벌 공략 본격화",https://daily.hankooki.com/news/articleView.html?idxno=1373970,다이나믹디자인이 금호타이어의 타이어 금형 공급사 선정 입찰에서 주요 공장 핵심 제품군의 1순위... 다이나믹디자인은 수주확대를 뒷받침 하기 위한 선제적 투자도 단행했다. 지난 달 27일 인도네시아 법인에 약...,hankooki,2026-06-05,11,
대창솔루션,096350,STOP_WATCH,2030.0,2800.0,-27.5,naver_finance,2026-06-12 16:35:33 KST,주의,보통,"대창솔루션은 1분기 영업이익 흑자전환 및 매출 증가라는 긍정적인 실적 발표가 있었으나, 최근 재생에너지 관련주 전반의 조정 국면에서 수익 실현 매물 출회로 약세를 보이고 있습니다. 특히 대명에너지, 우리기술, 한전기술 등과 함께 언급되며 주가 흐름이 연동되는 모습을 보입니다. 5월 실적 개선 소식에도 불구하고 6월 들어서는 주가 상승 동력이 약화된 상황입니다.",대창솔루션은 1분기 영업이익 흑자전환이라는 긍정적인 실적 모멘텀을 확보했습니다. 이는 전년 동기 대비 매출액 또한 증가하며 개선된 사업 성과를 보여주고 있음을 의미합니다. 재생에너지 관련 기업으로서 향후 관련 산업의 성장 수혜를 기대해볼 수 있는 잠재력을 가지고 있습니다.,"최근 뉴스에서 대창솔루션은 우리기술, 한전기술 등과 함께 언급되며 수익 실현 매물 출회로 인한 약세를 보이고 있습니다. 이는 개별 기업의 이슈보다는 업황 전반의 조정 국면과 연관된 것으로 해석됩니다. 현재가 2030원 대비 평균단가 2800원에서의 손실률(-27.5%)이 상당하며, 명확한 손절가나 목표가가 제시되지 않아 가격 변동성에 대한 리스크 관리가 필요합니다.","현재가 2030원은 평균단가 2800원 대비 27.5%의 손실 구간에 있습니다. 5월 초 흑자전환 소식 이후 주가가 상승했으나, 6월 들어서는 약세를 보이며 평균단가 회복에 어려움을 겪고 있습니다. 명확한 손절가 및 목표가가 설정되지 않은 상황에서 현재 가격대는 추가 하락 시 손실 폭 확대 가능성을 염두에 두어야 합니다.","현재 보유 중인 대창솔루션은 평균단가 대비 상당한 손실 구간에 있으며, 최근 시장 전반의 조정 국면에서 약세를 보이고 있습니다. 따라서 지금은 추가 매수를 보류하고, 주가가 평균단가 2800원 이상으로 회복하는지 여부를 확인하는 것이 좋겠습니다. 만약 주가가 1800원 이하로 하락할 경우, 손절 검토를 고려해볼 수 있습니다.","대창솔루션은 5월 초 1분기 실적 흑자전환 소식으로 주가가 상승했을 때, 평균단가(2800원)에 근접하거나 그 이상에서 일부 비중을 정리하는 기회를 고려했어야 합니다. 현재는 손실 구간이므로, 추가적인 하락보다는 회복 여부를 지켜보며 대응하는 것이 합리적입니다.","1. 1분기 실적 흑자전환에도 불구하고 재생에너지 섹터 전반의 조정으로 약세.
2. 현재가 2030원, 평균단가 2800원 대비 -27.5% 손실 중.
3. 추가 매수 보류 및 평균단가 회복 여부 확인, 하락 시 손절 검토.","본 분석은 제공된 정보를 바탕으로 한 투자 판단 보조 자료이며, 실제 투자 결정은 투자자 본인의 판단과 책임 하에 이루어져야 합니다. 시장 상황 및 기업 관련 정보는 수시로 변동될 수 있습니다.",gemini-2.5-flash-lite,gemini_ok,"대창솔루션, 1분기 영업익 15억…흑자전환",https://n.news.naver.com/mnews/article/016/0002639371?sid=101,대창솔루션은 1분기 연결기준 영업이익이 14억8200만원으로 전년동기대비 흑자전환했다고 6일 공시했다. 같은 기간 매출액은 212억4700만원으로 5.8% 증가한 것으로 잠정 집계됐다. 당기순이익 역시...,naver,2026-05-06,9,"'재생에너지 강자' 대명에너지, 글로벌 투자 확대 바람 타고 실적 고공...",https://www.pinpointnews.co.kr/news/articleView.html?idxno=458952,"북미와 유럽 시장 수주 확대 기대감도 주가를 견인하는 요인으로 꼽힌다. 대명에너지는 7.47% 상승한... 우리기술과 대창솔루션, 한전기술 역시 수익 실현 매물이 출회되며 약세를 보이고 있다. 다만 이는 업황 악화보다는...",pinpointnews,2026-06-10,11,"'재생에너지 강자' 대명에너지, 글로벌 투자 확대 바람 타고 실적 고공...",https://www.pinpointnews.co.kr/news/articleView.html?idxno=458952,"우리기술과 대창솔루션, 한전기술 역시 수익 실현 매물이 출회되며 약세를 보이고 있다. 다만 이는 업황... 단기 주가 흐름보다 실제 수주와 실적 개선 여부를 중심으로 기업 경쟁력을 평가할 필요가 있다. 시장...",pinpointnews,2026-06-10,11,두산에너빌리티·우리기술·오르비텍 동반 강세…코스피·코스닥 매수 ...,https://www.cbci.co.kr/news/articleView.html?idxno=580542,대창솔루션 역시 1.42% 오른 1925원에 거래되며 상승 흐름에 동참했다. 시장에서는 원전 관련 기업들이... 투자 결정 전 관련 공시와 공식 자료를 반드시 확인하시기 바랍니다. 본지는 해당 정보에 대한 법적·재정적...,cbci,2026-06-09,9,두산에너빌리티·비에이치아이·우리기술 흔들렸지만…원전주 조정 속에...,https://www.cbci.co.kr/news/articleView.html?idxno=579720,"이밖에 한전기술은 12만5200원으로 3.77%, 일진파워는 3.37%, 우진엔텍은 3.36%, 대창솔루션은 3.49% 각각... 주식 투자에 따른 손실은 투자자 본인의 책임이며, 투자 결정 전 관련 공시와 기업 실적, 시장 상황을 충분히...",cbci,2026-06-05,9,
대한해운,005880,STOP_WATCH,2025.0,2519.0,-19.61,naver_finance,2026-06-12 16:35:53 KST,주의,보통,"대한해운은 벌크선 및 에너지 운송 비중이 높아 장기 계약 기반의 안정적인 수익 구조를 가지고 있습니다. 최근 뉴스에서는 중동 전쟁의 영향으로 해운 물류 업황이 좋지 않음에도 불구하고, 대한해운의 1분기 연결 실적은 매출액 2778억원, 영업이익 744억원을 기록하며 선방했습니다. 특히 글로벌 사업부의 미국 대형 수주와 초국경물류(CBE) 물량 확대가 실적 개선에 기여했습니다. 다만, LNG 투자 확대 기대감 속에서도 삼천리와 함께 약세를 보인다는 분석도 있습니다. 전반적으로 업황의 불확실성 속에서 안정적인 사업 구조를 유지하고 있으나, 단기적인 주가 흐름은 시장 상황에 영향을 받는 모습입니다.","대한해운은 벌크선과 에너지 운송 사업 비중이 높으며, 장기 운송 계약 비중이 높아 상대적으로 안정적인 수익 구조를 보유하고 있습니다. 이는 단기 시황 변동에 따른 실적 충격을 완화하는 요인으로 작용합니다. 1분기 실적에서 글로벌 사업부의 성장세가 확인되었으며, 이는 향후 실적 개선에 대한 기대감을 높입니다. 안정적인 사업 모델은 중장기적인 관점에서 투자자들에게 매력적인 요소가 될 수 있습니다.","현재 보유 종목인 대한해운은 평균단가 2519.0원 대비 현재가 2025.0원으로 약 19.61%의 손실 구간에 있습니다. 최근 뉴스에서 중동 전쟁으로 인한 해운 물류 업황 부진이 언급되었으며, 이는 대한해운의 실적 및 주가에 부정적인 영향을 미칠 수 있습니다. 또한, LNG 투자 확대 기대감 속에서도 삼천리와 함께 약세를 보인다는 분석은 시장 전반의 투자 심리 위축 또는 개별적인 수급 이슈의 가능성을 시사합니다. 아직 명확한 손절가나 목표가가 제시되지 않아 가격적인 대응 전략 수립에 어려움이 있습니다.","현재가 2025.0원은 평균단가 2519.0원 대비 약 19.61% 하락한 상태입니다. 이는 투자자에게 상당한 손실을 안겨주고 있는 구간입니다. 명확한 손절가나 목표가가 제시되지 않아 현재 가격대에서의 추가적인 하락 가능성 또는 반등 가능성을 판단하기 어렵습니다. 다만, 평균단가 대비 높은 손실률은 심리적인 부담으로 작용할 수 있으며, 향후 주가 회복을 위해서는 현재가 대비 상당한 상승이 필요합니다.","현재 대한해운은 평균단가 대비 손실 구간에 있으며, 업황 불확실성과 단기 주가 약세를 고려할 때 '손절 검토'가 필요한 시점입니다. 만약 손절을 원치 않는다면, 평균단가 회복을 기다리기보다는 2000원 이하로 추가 하락 시 손절 범위를 넓히는 것을 고려해야 합니다. 현재로서는 '추가 매수 보류'를 권고하며, 주가가 평균단가인 2519.0원 이상으로 회복하고 상승 추세를 확인할 때까지는 관망하는 것이 바람직합니다.",대한해운은 평균단가 2519.0원 대비 현재가 2025.0원으로 상당한 손실을 기록 중입니다. 만약 2300원~2400원 구간에서 약세 전환 신호가 나타났을 때 일부 물량을 정리했다면 현재의 손실 폭을 줄일 수 있었을 것입니다. 현재로서는 추가 하락 가능성을 염두에 두고 손절 또는 비중 축소를 고려하는 것이 합리적인 대응입니다.,"1. 해운 업황 불확실성 속 안정적 사업 구조 보유, 1분기 실적은 선방했으나 단기 주가 약세.
2. 평균단가 2519.0원 대비 현재가 2025.0원으로 약 19.61% 손실 구간.
3. 손절 검토 및 추가 매수 보류, 2519.0원 회복 및 상승 추세 확인 시까지 관망.","본 분석은 제공된 정보를 기반으로 한 투자 판단 보조 자료이며, 실제 투자 결정은 투자자 본인의 판단과 책임 하에 이루어져야 합니다. 시장 상황 및 개별 종목의 변동성은 언제든지 달라질 수 있습니다.",gemini-2.5-flash-lite,gemini_ok,창간특집 기획취재/ 중동전쟁에 희비 엇갈려…해운물류 울고 조선 웃어,https://www.ksg.co.kr/news/main_newsView.jsp?pNum=147310,"해운 부문 전체 실적이라 할 수 있는 대한해운 연결 실적은 매출액 2778억원, 영업이익 744억원... 현대글로비스, 中 비계열 물량에 1분기 최대실적 분기별 실적을 공시하는 주요 2자물류기업 3개사는 올해 1분기...",ksg,2026-06-02,11,창간특집 기획취재/ 중동전쟁에 희비 엇갈려…해운물류 울고 조선 웃어,https://www.ksg.co.kr/news/main_newsView.jsp?pNum=147310,"해운 부문 전체 실적이라 할 수 있는 대한해운 연결 실적은 매출액 2778억원, 영업이익 744억원... 글로벌사업부는 미국 대형 수주와 초국경물류(CBE) 물량 확대를 바탕으로 영업이익을 52.6% 늘렸다. 한진은...",ksg,2026-06-02,11,흥아해운 주가 방긋... 운임 변동 민감도에 매수세 후끈,https://www.pinpointnews.co.kr/news/articleView.html?idxno=459264,대한해운은 벌크선과 에너지 운송 사업 비중이 높은 기업으로 장기 운송계약 비중이 높아 상대적으로 안정적인 수익구조를 보유하고 있다. 단기 시황 변화보다 중장기 실적 안정성에 초점을 맞추는 투자자들의 관심이...,pinpointnews,2026-06-11,11,[산업계 동향] 삼성ㆍKG그룹ㆍ고려아연ㆍSM그룹(6.9),http://www.weeklytoday.com/news/articleView.html?idxno=779079,"KG그룹은 현재 상장 계열사의 실적과 재무 건전성에 비해 시장 평가가 낮다고 진단했다. 이에 각... ■ SM그룹 대한해운·KLCSM, 협력사 산재 예방 교육 - 상반기 안전보건교육에 전국 협력사 52곳 65명 참석 - 온열질환...",weeklytoday,2026-06-09,9,LNG 투자 확대 기대감…한텍·엔케이 한국카본 일승 비에이치아이 주가...,https://www.pinpointnews.co.kr/news/articleView.html?idxno=457569,"삼천리와 대한해운은 약세를 나타내고 있으며, HD한국조선해양과 한화엔진 역시 최근 상승에 따른 부담이... 다만 시장에서는 단기 주가 조정보다는 수주와 실적 흐름에 더 주목하는 분위기다. LNG 산업이 단순한...",pinpointnews,2026-06-04,9,
에코플라스틱,038110,STOP_WATCH,2290.0,3750.0,-38.93,naver_finance,2026-06-12 16:36:28 KST,주의,보통,"에코플라스틱은 현대자동차의 조지아 전기차 공장 범퍼 수주와 관련하여 자회사 ECOPLASTIC AMERICA Corp.에 대한 채무보증 결정을 공시했습니다. 이는 긍정적인 수주 모멘텀을 시사하지만, 전반적인 자동차 부품 시장에서는 대형 전장주 중심으로 수급이 쏠리면서 중소형 부품주는 실적 및 신규 수주 여부에 따라 주가 차별화가 나타나고 있습니다. 현재 투자 심리는 위축된 상태입니다.","현대자동차의 조지아 전기차 공장 수주와 관련된 자회사 채무보증은 향후 매출 증대 및 사업 확장의 긍정적인 신호로 해석될 수 있습니다. 전기차 시장 성장에 따른 수혜가 기대되며, 이는 장기적인 성장 동력이 될 잠재력을 가지고 있습니다. 자동차 전장화 트렌드 속에서 부품 경쟁력 강화가 이루어진다면 추가적인 성장 모멘텀을 확보할 수 있습니다.","현재가 2290원 대비 평균단가 3750원은 약 38.93%의 손실 구간으로, 상당한 가격 부담이 존재합니다. 자동차 전장화 관련 투자 심리가 대형주 중심으로 쏠리면서 중소형 부품주인 에코플라스틱은 실적 및 신규 수주 여부에 따라 주가 차별화가 심화될 수 있다는 점이 리스크 요인입니다. 또한, 자회사 채무보증 결정은 재무 건전성에 대한 잠재적 부담으로 작용할 수 있습니다.","현재가 2290원은 평균단가 3750원 대비 38.93%의 큰 손실 구간에 있습니다. 이는 매수 이후 상당한 가격 하락을 경험했음을 의미합니다. 손절가나 목표가가 명시되지 않았으나, 현재 가격대는 평균단가 대비 낮은 수준으로 추가적인 하락 시 손실이 더욱 확대될 위험이 있습니다. 회복을 위해서는 현재가 대비 상당한 반등이 필요합니다.","현재 보유 중인 에코플라스틱은 평균단가 대비 큰 손실 구간에 있으므로, 추가 매수는 보류하는 것이 합리적입니다. 현재가 2290원 수준에서 반등세를 확인하며 추후 주가 흐름을 지켜보는 것이 좋겠습니다. 만약 주가가 평균단가 3750원 근처까지 회복하지 못하고 하락 추세를 이어간다면, 손절가 설정 여부를 검토하며 신중한 대응이 필요합니다.","에코플라스틱은 평균단가 3750원 대비 현재가 2290원으로 상당한 손실을 기록하고 있습니다. 만약 손절 기준이 있었다면, 주가가 하락 추세를 보일 때 3000원 이하 구간에서 일부 손절을 고려했어야 할 시점이 있었을 수 있습니다. 현재로서는 추가적인 하락 방어 및 회복 여부를 관망하는 것이 중요합니다.","1. 현대차 조지아 공장 수주 관련 자회사 채무보증은 긍정적이나, 전반적인 시장 수급은 대형주 쏠림 현상으로 중소형 부품주는 차별화될 가능성이 높음.
2. 현재가 2290원은 평균단가 3750원 대비 약 38.93% 손실 구간으로, 가격 부담이 크며 회복을 위한 상당한 반등이 필요함.
3. 현재는 추가 매수 보류하고, 주가 반등 여부를 확인하며 신중하게 대응할 시점.","본 분석은 제공된 정보를 바탕으로 한 투자 판단 보조 자료이며, 실제 투자 결정은 투자자 본인의 판단과 책임 하에 이루어져야 합니다. 시장 상황 및 기업 관련 정보는 변동될 수 있습니다.",gemini-2.5-flash-lite,gemini_ok,"에이엔피, 자동차 전장화 열풍 타고 PCB·부품 경쟁력 재부각",https://www.pinpointnews.co.kr/news/articleView.html?idxno=456191,"에스엠벡셀과 인화정공, 티에이치엔, 에코플라스틱, 풍강도 투자심리가 위축된 상태다. 성창오토텍과... 대형 전장주 중심의 수급 쏠림 현상이 심화되면서 중소형 부품주는 실적과 신규 수주 여부에 따라 주가 차별화가...",pinpointnews,2026-05-29,9,"에코플라스틱, 자회사 ECOPLASTIC AMERICA 채무보증 결정",https://www.digitaltoday.co.kr/news/articleView.html?idxno=661945,자동차 부품 기업 에코플라스틱(038110)이 4월 30일 공시를 통해 자회사 ECOPLASTIC AMERICA Corp.에 대한 채무보증을 결정했다고 밝혔다. 이번 채무보증은 현대자동차의 조지아 전기차 공장 범퍼 수주에 따른...,digitaltoday,2026-04-30,7,"에코플라스틱, 자회사 ECOPLASTIC AMERICA 채무보증 결정",https://www.digitaltoday.co.kr/news/articleView.html?idxno=661945,자동차 부품 기업 에코플라스틱(038110)이 4월 30일 공시를 통해 자회사 ECOPLASTIC AMERICA Corp.에 대한 채무보증을 결정했다고 밝혔다. 이번 채무보증은 현대자동차의 조지아 전기차 공장 범퍼 수주에 따른...,digitaltoday,2026-04-30,7,"""가격 올리고 고인치 키우고""···금호타이어, EU 관세 장벽 넘는다",https://www.sisajournal-e.com/news/articleView.html?idxno=421624,"이에 따라 증권업계에서도 올해 금호타이어 실적이 작년보다 개선될 것으로 보고 있다. BNK투자증권은 올해 금호타이어 매출액은 5조1160억원으로 전년대비 8.8%, 영업이익은 5940억원으로 전년대비 3.1% 증가할 것으로...",sisajournal-e,2026-06-10,13,기업 공시 [4월 30일],https://n.news.naver.com/mnews/article/011/0004616477?sid=101,실권주 일반공모 유상증자 결정 ▲에코플라스틱(038110)=미국법인에 295억 규모 채무보증 결정 ▲카카오게임즈(293490)=1분기 매출액 829억 2600만 원(전년 대비 -32.50%)·영업손실 254억 6000만 원(-104.65%),naver,2026-04-30,7,
태림포장,011280,HOLD,2050.0,2100.0,-2.38,naver_finance,2026-06-12 16:36:46 KST,중립,낮음,"태림포장 관련 뉴스 5건을 기준으로 점검했습니다. Gemini API가 없거나 호출에 실패해 규칙 기반 요약으로 표시합니다. 주요 기사: ""가격 올리고 고인치 키우고""···금호타이어, EU 관세 장벽 넘는다 / 1분기 웃은 타이어 3사, 하반기 복병은 해상운임·EU 관세",AI 해석 실패로 긍정 포인트는 기사 제목과 기존 리포트를 함께 확인해야 합니다.,AI 해석 실패 상태이므로 손절가와 현재가 매칭 상태를 우선 확인하세요.,현재 손익률은 -2.38이고 현재 판단은 HOLD입니다.,"자동 해석이 불완전하므로 신규 매수/추가매수보다 보유 기준, 목표가, 손절가를 먼저 확인하세요.",,"1. AI 브리핑은 fallback 상태입니다.
2. 뉴스 링크와 현재가를 직접 확인하세요.
3. 손절가 아래 물타기는 피하는 기준이 좋습니다.",투자 판단 보조용이며 매수·매도 확정 지시가 아닙니다.,,fallback_rule,"""가격 올리고 고인치 키우고""···금호타이어, EU 관세 장벽 넘는다",https://www.sisajournal-e.com/news/articleView.html?idxno=421624,"이에 따라 증권업계에서도 올해 금호타이어 실적이 작년보다 개선될 것으로 보고 있다. BNK투자증권은 올해 금호타이어 매출액은 5조1160억원으로 전년대비 8.8%, 영업이익은 5940억원으로 전년대비 3.1% 증가할 것으로...",sisajournal-e,2026-06-10,13,"1분기 웃은 타이어 3사, 하반기 복병은 해상운임·EU 관세",https://it.chosun.com/news/articleView.html?idxno=2023092163714,금호타이어도 영업이익 1470억원을 올리며 전년 동기 대비 0.3% 소폭 증가했다. 업계는 실적 개선의 배경으로 고부가가치 제품 판매 확대를 꼽는다. 전기차와 SUV 시장 성장에 맞춰 고인치 타이어 공급을 늘린 데다 교체용...,조선일보,2026-06-11,11,전쟁에 물류비 2배 뛰었다…韓 타이어·자동차 '한숨',https://www.newsway.co.kr/news/view?ud=2026061011303993979,"수출 의존도가 높은 업종 특성상 수익성 악화로 이어질 수 있는 만큼, 관련 기업들의 실적 개선도 예상보다... 국내 타이어 3사(한국타이어앤테크놀로지·금호타이어·넥센타이어)는 전체 매출의 약 80~85% 이상을 해외에서...",newsway,2026-06-10,13,창간특집 기획취재/ 중동전쟁에 희비 엇갈려…해운물류 울고 조선 웃어,https://www.ksg.co.kr/news/main_newsView.jsp?pNum=147310,"해운 부문 전체 실적이라 할 수 있는 대한해운 연결 실적은 매출액 2778억원, 영업이익 744억원... 현대글로비스, 中 비계열 물량에 1분기 최대실적 분기별 실적을 공시하는 주요 2자물류기업 3개사는 올해 1분기...",ksg,2026-06-02,11,"다이나믹디자인, 금호타이어 금형 공급사 입찰 1순위 선정",https://news.dealsitetv.com/articles/171416,인니 생산 거점 품질 승인…원가 경쟁력 부각 다이나믹디자인이 금호타이어 베트남·중국·한국 공장의... 확보 자금은 향후 수주 물량 증가에 대응하기 위한 생산 운영 기반 강화에 활용할 계획이다. 실적은 개선세를...,dealsitetv,2026-06-05,13,"RuntimeError(""all Gemini models failed: JSONDecodeError('Invalid control character at: line 10 column 84 (char 1342)')"")"
태웅,044490,STOP_WATCH,32300.0,36407.0,-11.28,naver_finance,2026-06-12 16:37:00 KST,주의,보통,"태웅은 최근 금호타이어의 EU 관세 장벽 돌파 및 실적 개선 전망과 관련된 뉴스가 있었습니다. 금호타이어는 고인치 타이어 판매 확대와 교체용 타이어 수요 증가로 1분기 영업이익이 소폭 증가했으며, 올해 실적 개선이 예상됩니다. 다만, 중동 전쟁으로 인한 해상 물류비 상승은 타이어 3사의 수익성에 부담으로 작용할 수 있는 요인입니다. 다이나믹디자인이 금호타이어 금형 공급사 입찰에 선정된 소식도 있습니다.","금호타이어의 실적 개선 전망은 태웅의 주요 고객사 중 하나로서 긍정적인 영향을 줄 수 있습니다. 특히 고부가가치 제품 판매 확대 및 전기차, SUV 시장 성장에 따른 고인치 타이어 수요 증가는 태웅의 사업 환경에 유리하게 작용할 가능성이 있습니다. 또한, 금호타이어의 생산 거점 품질 승인 및 원가 경쟁력 확보 노력은 장기적인 수주 물량 증가로 이어질 수 있습니다.","현재가 32,300원은 평균단가 36,407원 대비 약 11.28% 하락한 상태로, 손실 구간에 있습니다. 중동 전쟁으로 인한 해상 물류비 상승은 타이어 업계 전반의 수익성을 악화시킬 수 있으며, 이는 태웅의 실적에도 부정적인 영향을 미칠 수 있습니다. 최근 뉴스가 2026년 6월 초에 집중되어 있어 현재 시점에서의 직접적인 주가 영향력은 제한적일 수 있습니다.","현재가 32,300원은 평균단가 36,407원 대비 11.28% 손실 구간입니다. 손절가 및 목표가가 명시되지 않아 구체적인 가격 제시가 어렵습니다. 다만, 현재 가격대는 평균단가 대비 하락폭이 상당하므로, 추가적인 하락 시 손절을 고려하거나 반등 시 비중 축소를 검토할 수 있는 가격대입니다.","현재 보유 중인 태웅은 평균단가 대비 손실 구간에 있으므로, 즉각적인 추가 매수보다는 관망하는 것이 좋습니다. 금호타이어의 실적 개선 뉴스에도 불구하고 물류비 상승 등 부정적 요인이 상존하므로, 주가 반등 시 일부 물량 정리를 고려해 볼 수 있습니다. 만약 주가가 평균단가인 36,407원 이상으로 회복하는 흐름을 보인다면, 추가적인 상승 가능성을 확인하며 보유를 이어갈 수 있습니다.","과거 평균단가 36,407원 부근에서 추가 하락이 예상되었을 때, 손절 또는 부분 정리를 고려했어야 합니다. 현재 손실률이 11.28%에 달하므로, 추가적인 하락을 방어하기 위한 손절 라인을 설정하는 것이 중요합니다.","1. 금호타이어 실적 개선 기대감 속 물류비 상승 리스크 공존.
2. 현재가 32,300원, 평균단가 36,407원 대비 11.28% 손실 중.
3. 추가 매수 보류 및 반등 시 일부 정리 고려, 평균단가 회복 시 보유 유지.","본 분석은 제공된 정보를 기반으로 한 투자 판단 보조 자료이며, 실제 투자 결정은 투자자 본인의 판단과 책임 하에 이루어져야 합니다. 시장 상황 및 기업 관련 정보는 수시로 변동될 수 있습니다.",gemini-2.5-flash-lite,gemini_ok,"""가격 올리고 고인치 키우고""···금호타이어, EU 관세 장벽 넘는다",https://www.sisajournal-e.com/news/articleView.html?idxno=421624,"이에 따라 증권업계에서도 올해 금호타이어 실적이 작년보다 개선될 것으로 보고 있다. BNK투자증권은 올해 금호타이어 매출액은 5조1160억원으로 전년대비 8.8%, 영업이익은 5940억원으로 전년대비 3.1% 증가할 것으로...",sisajournal-e,2026-06-10,13,"1분기 웃은 타이어 3사, 하반기 복병은 해상운임·EU 관세",https://it.chosun.com/news/articleView.html?idxno=2023092163714,금호타이어도 영업이익 1470억원을 올리며 전년 동기 대비 0.3% 소폭 증가했다. 업계는 실적 개선의 배경으로 고부가가치 제품 판매 확대를 꼽는다. 전기차와 SUV 시장 성장에 맞춰 고인치 타이어 공급을 늘린 데다 교체용...,조선일보,2026-06-11,11,전쟁에 물류비 2배 뛰었다…韓 타이어·자동차 '한숨',https://www.newsway.co.kr/news/view?ud=2026061011303993979,"수출 의존도가 높은 업종 특성상 수익성 악화로 이어질 수 있는 만큼, 관련 기업들의 실적 개선도 예상보다... 국내 타이어 3사(한국타이어앤테크놀로지·금호타이어·넥센타이어)는 전체 매출의 약 80~85% 이상을 해외에서...",newsway,2026-06-10,13,창간특집 기획취재/ 중동전쟁에 희비 엇갈려…해운물류 울고 조선 웃어,https://www.ksg.co.kr/news/main_newsView.jsp?pNum=147310,"해운 부문 전체 실적이라 할 수 있는 대한해운 연결 실적은 매출액 2778억원, 영업이익 744억원... 현대글로비스, 中 비계열 물량에 1분기 최대실적 분기별 실적을 공시하는 주요 2자물류기업 3개사는 올해 1분기...",ksg,2026-06-02,11,"다이나믹디자인, 금호타이어 금형 공급사 입찰 1순위 선정",https://news.dealsitetv.com/articles/171416,인니 생산 거점 품질 승인…원가 경쟁력 부각 다이나믹디자인이 금호타이어 베트남·중국·한국 공장의... 확보 자금은 향후 수주 물량 증가에 대응하기 위한 생산 운영 기반 강화에 활용할 계획이다. 실적은 개선세를...,dealsitetv,2026-06-05,13,
HANARO K휴머노이드테마TOP10,0155N0,HOLD,10400.0,11000.0,-5.45,naver_finance,2026-06-12 16:37:13 KST,주의,보통,"HANARO K휴머노이드테마TOP10 ETF는 현재 휴머노이드 관련 직접적인 뉴스가 부족한 상황입니다. 다만, 최근 타이어 업계 뉴스를 통해 금호타이어와 같은 개별 기업의 실적 개선 가능성이 언급되고 있습니다. 이는 간접적으로 관련 산업의 성장성을 시사할 수 있으나, ETF 자체의 투자 매력도를 높이는 데는 한계가 있습니다. 또한, 외국인 투자자의 순매수세가 증시 전반에 긍정적인 영향을 줄 수 있다는 점도 고려해야 합니다.","휴머노이드 기술은 장기적으로 성장 가능성이 높은 분야이며, 관련 ETF는 미래 산업 성장에 투자할 수 있는 기회를 제공합니다. 또한, ETF는 여러 종목에 분산 투자하여 개별 종목의 위험을 줄이는 장점이 있습니다. 향후 기술 발전과 산업 적용 확대에 따라 수혜를 입을 가능성이 있습니다.","현재 보유 중인 HANARO K휴머노이드테마TOP10 ETF는 휴머노이드 관련 직접적인 호재 뉴스가 부족하며, 최근 뉴스는 타이어 산업 등 다른 섹터에 집중되어 있습니다. 현재가 10,400원 대비 평균단가 11,000원은 약 5.45%의 손실 구간으로, 추가 하락 시 손실이 확대될 수 있습니다. 또한, ETF의 성과가 기초 지수나 편입 종목의 성과에 따라 달라지므로, 관련 산업의 변동성에 노출될 위험이 있습니다.","현재가 10,400원은 평균단가 11,000원 대비 5.45% 하락한 상태입니다. 이는 투자자에게 손실이 발생하고 있음을 의미합니다. 목표가와 손절가가 제시되지 않아 명확한 가격 전략을 수립하기 어렵지만, 현재 손실 구간이므로 추가적인 하락에 대한 대비가 필요합니다.","현재 HANARO K휴머노이드테마TOP10 ETF는 명확한 상승 동력이 부족하고 평균단가 대비 손실 구간에 있으므로, '추가매수보류'를 권고합니다. 휴머노이드 관련 긍정적인 뉴스나 ETF의 편입 종목에서 의미 있는 반등이 나타나기 전까지는 신규 매수나 추가 매수를 자제하는 것이 현명합니다. 손절가 설정이 되어 있지 않다면, 현재가 대비 일정 비율 하락 시 손절을 검토하거나, 명확한 반등 신호가 나올 때까지 '보유'하며 시장 상황을 지켜보는 것을 고려할 수 있습니다.","만약 이 ETF가 11,000원 이상에서 상승세를 보였을 때 일부 이익 실현을 했다면 현재의 손실을 줄일 수 있었을 것입니다. 현재는 평균단가 이하에서 보유 중이므로, 명확한 반등 시그널이 나타나기 전까지는 보유하며 기다리는 것이 합리적입니다.","1. 휴머노이드 테마 ETF는 장기 성장성이 있으나, 현재 직접적인 이슈 부족 및 타이어 산업 등 간접 뉴스만 존재.
2. 현재가 10,400원은 평균단가 11,000원 대비 5.45% 손실 구간으로, 추가 하락 위험 존재.
3. 명확한 반등 신호 전까지 '추가매수보류'하며 관망하거나, 손절가 설정 후 '보유' 대응.","본 분석은 제공된 정보와 일반적인 시장 분석을 바탕으로 작성되었으며, 투자 결정에 대한 최종 책임은 투자자 본인에게 있습니다. 투자 전 반드시 추가적인 정보 탐색 및 전문가 상담을 통해 신중하게 판단하시기 바랍니다.",gemini-2.5-flash-lite,gemini_ok,전쟁에 물류비 2배 뛰었다…韓 타이어·자동차 '한숨',https://www.newsway.co.kr/news/view?ud=2026061011303993979,"수출 의존도가 높은 업종 특성상 수익성 악화로 이어질 수 있는 만큼, 관련 기업들의 실적 개선도 예상보다... 국내 타이어 3사(한국타이어앤테크놀로지·금호타이어·넥센타이어)는 전체 매출의 약 80~85% 이상을 해외에서...",newsway,2026-06-10,13,"""가격 올리고 고인치 키우고""···금호타이어, EU 관세 장벽 넘는다",https://www.sisajournal-e.com/news/articleView.html?idxno=421624,"이에 따라 증권업계에서도 올해 금호타이어 실적이 작년보다 개선될 것으로 보고 있다. BNK투자증권은 올해 금호타이어 매출액은 5조1160억원으로 전년대비 8.8%, 영업이익은 5940억원으로 전년대비 3.1% 증가할 것으로...",sisajournal-e,2026-06-10,13,"다이나믹디자인, 금호타이어 금형 공급사 입찰 1순위 선정",https://news.dealsitetv.com/articles/171416,인니 생산 거점 품질 승인…원가 경쟁력 부각 다이나믹디자인이 금호타이어 베트남·중국·한국 공장의... 확보 자금은 향후 수주 물량 증가에 대응하기 위한 생산 운영 기반 강화에 활용할 계획이다. 실적은 개선세를...,dealsitetv,2026-06-05,13,75조원 넘게 던지던 외국인… 오랜만에 韓 증시서 순매수,https://n.news.naver.com/mnews/article/366/0001171444?sid=101,최근 국내 증시에 상장지수펀드(ETF)를 중심으로 가계 자금이 대거 유입되면서 일각에선 외국인 투자자의 역할이 다소 줄었다는 평가도 나온다. 하지만 대규모 외국인 순매수세가 이어진다면 증시의 추가 상승 동력이 될...,naver,2026-06-12,9,"1분기 웃은 타이어 3사, 하반기 복병은 해상운임·EU 관세",https://it.chosun.com/news/articleView.html?idxno=2023092163714,금호타이어도 영업이익 1470억원을 올리며 전년 동기 대비 0.3% 소폭 증가했다. 업계는 실적 개선의 배경으로 고부가가치 제품 판매 확대를 꼽는다. 전기차와 SUV 시장 성장에 맞춰 고인치 타이어 공급을 늘린 데다 교체용...,조선일보,2026-06-11,11,
TIGER K방산&우주,463250,STOP_WATCH,40400.0,44500.0,-9.21,naver_finance,2026-06-12 16:37:26 KST,주의,보통,"TIGER K방산&우주 ETF는 현재 K방산 및 우주 관련 산업의 투자 심리를 반영하고 있습니다. 최근 뉴스는 주로 타이어 업계의 실적 개선 및 EU 관세 관련 내용으로, 직접적인 K방산 및 우주 산업의 모멘텀과는 거리가 있습니다. 다만, 전쟁 장기화로 인한 물류비 상승은 수출 의존도가 높은 산업에 부담으로 작용할 수 있다는 점은 간접적인 영향을 줄 수 있습니다. 외국인 투자자의 순매수세는 증시 전반에 긍정적이나, 해당 ETF로의 자금 유입 여부는 불확실합니다.","K방산 및 우주 산업은 장기적인 성장 잠재력을 가진 분야로, 정부의 정책적 지원과 글로벌 지정학적 리스크 확대에 따른 방산 수요 증가는 긍정적인 요인입니다. 또한, 우주 항공 산업의 기술 발전과 민간 투자 확대는 관련 ETF의 장기적인 가치 상승을 기대하게 합니다. 다만, 현재 제시된 뉴스는 이와 직접적인 연관성이 낮습니다.","현재 보유하신 TIGER K방산&우주 ETF는 직접적인 산업 뉴스가 부족한 상황입니다. 타이어 업계 관련 뉴스는 해당 ETF의 투자 대상과 직접적인 관련성이 낮아 투자 판단에 큰 영향을 미치지 못합니다. 또한, 현재가 40,400원에서 평균단가 44,500원 대비 -9.21%의 손실 구간에 있어 추가적인 하락 위험에 노출될 수 있습니다. 손절가 및 목표가가 명확히 설정되지 않은 점도 리스크 요인입니다.","현재가 40,400원은 평균단가 44,500원 대비 9.21% 하락한 상태입니다. 이는 약 4,100원의 손실 구간에 있음을 의미합니다. 명확한 손절가와 목표가가 설정되지 않아 현재 구간에서의 기술적 지지 또는 저항 여부를 판단하기 어렵습니다. 추가적인 하락 시 손실폭이 확대될 수 있는 상황입니다.","현재 TIGER K방산&우주 ETF는 명확한 산업 모멘텀 뉴스가 부족하고, 평균단가 대비 손실 구간에 있습니다. 따라서 '추가매수보류'를 권고합니다. 향후 K방산 및 우주 산업 관련 긍정적인 뉴스나 뚜렷한 수급 개선이 나타나기 전까지는 신규 자금 투입을 자제하는 것이 현명합니다. 손절가 설정이 필요하며, 설정된 손절가 이하로 하락 시 '손절검토'가 필요합니다.","이 종목은 평균단가 44,500원 부근에서 추가적인 상승 모멘텀이 약화되거나 하락 추세가 시작될 때, 또는 명확한 산업 호재가 부재한 상황에서 비중 축소를 고려했어야 합니다. 현재는 손실 구간이므로, 손절가 설정 후 대응하는 것이 합리적입니다.","1. K방산&우주 산업 관련 직접적인 뉴스 부족, 타이어 업계 뉴스는 무관.
2. 평균단가 44,500원 대비 현재가 40,400원으로 -9.21% 손실 구간.
3. 추가매수보류 및 손절가 설정 후 대응 필요.","본 분석은 제공된 정보와 일반적인 시장 분석에 기반한 투자 판단 보조 자료이며, 실제 투자 결정은 투자자 본인의 판단과 책임 하에 이루어져야 합니다. 시장 상황은 급변할 수 있으며, 본 정보는 최신 정보가 아닐 수 있습니다.",gemini-2.5-flash-lite,gemini_ok,전쟁에 물류비 2배 뛰었다…韓 타이어·자동차 '한숨',https://www.newsway.co.kr/news/view?ud=2026061011303993979,"수출 의존도가 높은 업종 특성상 수익성 악화로 이어질 수 있는 만큼, 관련 기업들의 실적 개선도 예상보다... 국내 타이어 3사(한국타이어앤테크놀로지·금호타이어·넥센타이어)는 전체 매출의 약 80~85% 이상을 해외에서...",newsway,2026-06-10,13,"""가격 올리고 고인치 키우고""···금호타이어, EU 관세 장벽 넘는다",https://www.sisajournal-e.com/news/articleView.html?idxno=421624,"이에 따라 증권업계에서도 올해 금호타이어 실적이 작년보다 개선될 것으로 보고 있다. BNK투자증권은 올해 금호타이어 매출액은 5조1160억원으로 전년대비 8.8%, 영업이익은 5940억원으로 전년대비 3.1% 증가할 것으로...",sisajournal-e,2026-06-10,13,"다이나믹디자인, 금호타이어 금형 공급사 입찰 1순위 선정",https://news.dealsitetv.com/articles/171416,인니 생산 거점 품질 승인…원가 경쟁력 부각 다이나믹디자인이 금호타이어 베트남·중국·한국 공장의... 확보 자금은 향후 수주 물량 증가에 대응하기 위한 생산 운영 기반 강화에 활용할 계획이다. 실적은 개선세를...,dealsitetv,2026-06-05,13,75조원 넘게 던지던 외국인… 오랜만에 韓 증시서 순매수,https://n.news.naver.com/mnews/article/366/0001171444?sid=101,최근 국내 증시에 상장지수펀드(ETF)를 중심으로 가계 자금이 대거 유입되면서 일각에선 외국인 투자자의 역할이 다소 줄었다는 평가도 나온다. 하지만 대규모 외국인 순매수세가 이어진다면 증시의 추가 상승 동력이 될...,naver,2026-06-12,9,"1분기 웃은 타이어 3사, 하반기 복병은 해상운임·EU 관세",https://it.chosun.com/news/articleView.html?idxno=2023092163714,금호타이어도 영업이익 1470억원을 올리며 전년 동기 대비 0.3% 소폭 증가했다. 업계는 실적 개선의 배경으로 고부가가치 제품 판매 확대를 꼽는다. 전기차와 SUV 시장 성장에 맞춰 고인치 타이어 공급을 늘린 데다 교체용...,조선일보,2026-06-11,11,
컴퍼니케이,307930,STOP_WATCH,7190.0,9150.0,-21.42,naver_finance,2026-06-12 16:37:45 KST,주의,보통,"컴퍼니케이는 금호타이어의 금형 공급사 다이나믹디자인의 지분을 보유하고 있습니다. 최근 금호타이어는 EU 관세 장벽을 넘기 위해 가격 인상 및 고인치 타이어 판매 확대를 추진하고 있으며, 이는 실적 개선 기대감으로 이어지고 있습니다. BNK투자증권은 금호타이어의 올해 매출액과 영업이익 증가를 전망했습니다. 그러나 중동 전쟁으로 인한 해상 운임 상승 및 EU 관세는 타이어 3사의 하반기 실적에 복병이 될 수 있다는 분석도 있습니다.","컴퍼니케이가 투자한 금호타이어는 고부가가치 제품 판매 확대와 전기차 및 SUV 시장 성장에 맞춰 고인치 타이어 공급을 늘리며 실적 개선세를 보이고 있습니다. 다이나믹디자인의 금호타이어 금형 공급사 입찰 1순위 선정은 금호타이어의 생산 거점 품질 승인 및 원가 경쟁력 부각으로 이어져 긍정적인 영향을 줄 수 있습니다. 또한, 금호타이어의 실적 개선 전망은 컴퍼니케이의 투자 가치에도 긍정적으로 작용할 가능성이 있습니다.","현재 보유 중인 컴퍼니케이의 주가는 평균단가 9150원 대비 7190원으로 약 21.42%의 손실 구간에 있습니다. 금호타이어의 실적 개선 전망에도 불구하고, 중동 전쟁으로 인한 해상 운임 상승 및 EU 관세와 같은 외부 요인이 하반기 실적에 부정적인 영향을 미칠 수 있다는 점은 리스크 요인입니다. 또한, 컴퍼니케이 자체의 펀더멘털에 대한 정보가 부족하여 투자 판단에 어려움이 있습니다.","현재가 7190원은 평균단가 9150원 대비 21.42% 하락한 상태입니다. 이는 손실 구간이 상당함을 의미하며, 추가적인 하락 시 손절가 검토가 필요할 수 있습니다. 목표가 설정이 없어 명확한 매도 시점을 판단하기 어렵습니다. 현재 가격대는 평균단가 대비 상당한 괴리가 있어, 반등 시점을 기다리거나 손실 확대를 방지하기 위한 전략이 필요합니다.","현재 컴퍼니케이 보유자는 '손절 검토'를 고려해야 합니다. 평균단가 대비 21.42%의 손실이 발생한 상황이며, 명확한 목표가가 설정되지 않아 추가적인 하락 위험에 노출될 수 있습니다. 금호타이어 관련 뉴스가 긍정적인 측면도 있으나, 해상 운임 및 관세 등 외부 변수가 불안정하므로, 현재 가격대에서는 추가 매수보다는 손실 확대를 방지하는 방향으로 대응하는 것이 합리적입니다. 만약 주가가 평균단가 9150원까지 회복하지 못하고 하락 추세를 이어간다면, 손절가 설정 및 실행을 고려해야 합니다.","이 종목은 평균단가 9150원 부근에서 추가적인 하락이 예상되었을 때, 혹은 손실률이 10%를 초과하는 시점에서 일부 비중을 축소하는 것을 고려했어야 합니다. 현재는 손실이 확대된 구간으로, 반등을 기다리기보다는 손실 확대를 막는 것이 우선입니다.","1. 금호타이어의 실적 개선 기대감과 해상 운임/관세 리스크 공존.
2. 평균단가 9150원 대비 21.42% 손실 구간으로, 추가 하락 위험 존재.
3. 현재는 손절 검토 구간으로, 손실 확대를 방지하는 대응 필요.","본 분석은 제공된 정보와 뉴스 기사를 바탕으로 작성되었으며, 투자 결정에 대한 최종 책임은 투자자 본인에게 있습니다. 주가 변동 및 시장 상황에 따라 분석 내용이 달라질 수 있으므로, 투자 전 반드시 추가적인 정보 확인 및 신중한 판단을 하시기 바랍니다.",gemini-2.5-flash-lite,gemini_ok,"""가격 올리고 고인치 키우고""···금호타이어, EU 관세 장벽 넘는다",https://www.sisajournal-e.com/news/articleView.html?idxno=421624,"이에 따라 증권업계에서도 올해 금호타이어 실적이 작년보다 개선될 것으로 보고 있다. BNK투자증권은 올해 금호타이어 매출액은 5조1160억원으로 전년대비 8.8%, 영업이익은 5940억원으로 전년대비 3.1% 증가할 것으로...",sisajournal-e,2026-06-10,13,"1분기 웃은 타이어 3사, 하반기 복병은 해상운임·EU 관세",https://it.chosun.com/news/articleView.html?idxno=2023092163714,금호타이어도 영업이익 1470억원을 올리며 전년 동기 대비 0.3% 소폭 증가했다. 업계는 실적 개선의 배경으로 고부가가치 제품 판매 확대를 꼽는다. 전기차와 SUV 시장 성장에 맞춰 고인치 타이어 공급을 늘린 데다 교체용...,조선일보,2026-06-11,11,전쟁에 물류비 2배 뛰었다…韓 타이어·자동차 '한숨',https://www.newsway.co.kr/news/view?ud=2026061011303993979,"수출 의존도가 높은 업종 특성상 수익성 악화로 이어질 수 있는 만큼, 관련 기업들의 실적 개선도 예상보다... 국내 타이어 3사(한국타이어앤테크놀로지·금호타이어·넥센타이어)는 전체 매출의 약 80~85% 이상을 해외에서...",newsway,2026-06-10,13,창간특집 기획취재/ 중동전쟁에 희비 엇갈려…해운물류 울고 조선 웃어,https://www.ksg.co.kr/news/main_newsView.jsp?pNum=147310,"해운 부문 전체 실적이라 할 수 있는 대한해운 연결 실적은 매출액 2778억원, 영업이익 744억원... 현대글로비스, 中 비계열 물량에 1분기 최대실적 분기별 실적을 공시하는 주요 2자물류기업 3개사는 올해 1분기...",ksg,2026-06-02,11,"다이나믹디자인, 금호타이어 금형 공급사 입찰 1순위 선정",https://news.dealsitetv.com/articles/171416,인니 생산 거점 품질 승인…원가 경쟁력 부각 다이나믹디자인이 금호타이어 베트남·중국·한국 공장의... 확보 자금은 향후 수주 물량 증가에 대응하기 위한 생산 운영 기반 강화에 활용할 계획이다. 실적은 개선세를...,dealsitetv,2026-06-05,13,
